x,y,z
0.48,-0.17,0.77
0.44,-0.23,0.75
0.42,-0.27,0.75
0.44,-0.29,0.73
0.46,-0.34,0.78
0.41,-0.48,0.86
0.41,-0.52,0.89
0.42,-0.56,0.86
0.38,-0.42,0.92
0.41,-0.09,0.97
0.42,0.18,0.91
0.40,0.31,0.80
0.45,0.63,0.74
0.48,0.84,0.69
0.46,0.87,0.60
0.37,0.77,0.56
0.23,0.70,0.47
0.24,0.92,0.39
0.53,1.76,0.50
0.66,1.98,0.52
0.71,1.98,0.41
0.54,1.62,0.20
0.05,0.81,0.12
-0.39,-0.56,0.73
-0.69,-1.33,1.33
-0.84,-2.13,1.52
-0.49,-1.96,1.15
-0.09,-1.27,1.09
-0.08,-1.09,0.91
-0.18,-1.10,0.73
-0.50,-1.27,0.44
-0.95,-1.89,0.36
-1.05,-1.65,0.50
-0.96,-0.75,0.54
-0.93,0.06,0.51
-0.30,1.40,1.01
0.25,1.78,1.74
0.82,1.83,2.22
0.77,1.51,1.70
0.49,1.08,1.35
0.15,0.27,1.00
0.15,0.19,0.98
0.24,0.61,1.01
0.18,0.71,0.99
0.17,0.78,1.02
0.21,1.06,0.93
0.35,1.68,0.82
0.33,1.82,0.80
0.10,1.36,0.68
-0.18,1.08,0.36
-0.51,0.39,0.93
-1.61,-1.46,1.36
-1.95,-2.84,1.37
-1.38,-2.24,1.41
-0.52,-0.71,1.23
-0.06,-0.37,1.15
-0.01,-0.45,0.84
0.08,-0.33,0.71
0.18,-0.09,0.78
0.22,-0.03,0.87
0.17,-0.11,0.93
0.06,-0.13,0.87
0.07,-0.09,0.93
0.08,-0.07,0.98
0.08,-0.09,0.98
0.05,-0.17,0.95
0.07,-0.18,0.90
0.09,-0.12,0.89
0.15,-0.09,0.91
0.17,-0.04,0.93
0.18,-0.06,0.98
0.13,-0.13,0.99
0.10,-0.11,0.93
0.11,-0.09,0.93
0.12,-0.09,0.93
0.14,-0.07,1.00
0.14,-0.07,1.02
0.12,-0.06,1.00
0.11,-0.08,1.06
0.12,-0.15,1.09
0.13,-0.12,1.07
0.16,-0.10,1.07
0.21,-0.10,1.08
0.22,-0.13,1.01
0.23,-0.09,0.94
0.24,-0.04,0.89
0.23,-0.07,0.86
0.23,-0.11,0.86
0.22,-0.09,0.81
0.28,0.03,0.77
0.28,-0.04,0.76
0.26,-0.07,0.76
0.23,-0.10,0.78
0.25,-0.05,0.79
0.25,-0.01,0.84
0.22,-0.10,0.95
0.20,-0.14,0.96
0.24,-0.08,0.94
0.26,-0.03,0.91
0.26,-0.04,0.91
0.26,-0.07,0.92
0.26,-0.08,0.93
0.26,-0.08,0.94
0.25,-0.09,0.95
0.23,-0.14,0.95
0.25,-0.14,0.93
0.26,-0.10,0.92
0.27,-0.09,0.93
0.24,-0.13,0.94
0.24,-0.12,0.93
0.26,-0.10,0.91
0.26,-0.10,0.90
0.24,-0.12,0.91
0.25,-0.10,0.90
0.26,-0.09,0.91
0.25,-0.10,0.93
0.24,-0.10,0.95
0.26,-0.09,0.95
0.26,-0.11,0.93
0.25,-0.11,0.92
0.23,-0.13,0.91
0.23,-0.14,0.88
0.25,-0.12,0.88
0.26,-0.07,0.92
0.24,-0.09,0.95
0.24,-0.11,0.95
0.25,-0.11,0.95
0.26,-0.09,0.95
0.27,-0.05,0.93
0.25,-0.09,0.90
0.23,-0.15,0.89
0.24,-0.13,0.89
0.27,-0.07,0.88
0.28,-0.04,0.91
0.28,-0.05,0.95
0.26,-0.06,0.95
0.26,-0.07,0.94
0.25,-0.09,0.94
0.25,-0.10,0.94
0.24,-0.10,0.93
0.24,-0.09,0.92
0.23,-0.11,0.93
0.24,-0.11,0.94
0.25,-0.11,0.94
0.26,-0.09,0.93
0.26,-0.08,0.94
0.29,-0.10,0.95
0.33,-0.12,0.99
0.30,-0.14,0.98
0.24,-0.13,0.96


0.49,-0.22,0.78
0.45,-0.35,0.79
0.40,-0.44,0.77
0.38,-0.39,0.82
0.38,-0.32,0.81
0.40,-0.13,0.76
0.46,0.04,0.78
0.48,0.16,0.88
0.46,0.24,0.93
0.51,0.46,0.95
0.55,0.82,0.96
0.57,1.11,0.94
0.75,1.94,0.89
1.03,2.98,0.94
0.60,2.39,0.66
0.43,2.25,0.54
-0.40,1.34,0.32
-1.88,-1.28,0.67
-1.92,-3.25,1.06
-0.97,-2.06,0.94
-0.13,-0.79,0.99
0.04,-0.84,1.03
0.15,-0.84,0.80
0.27,-0.54,0.59
-0.01,-0.71,0.54
-0.92,-1.46,0.55
-1.65,-2.16,0.50
-2.19,-2.48,0.33
-1.85,-0.86,0.34
-0.87,1.00,0.85
-0.25,1.47,1.41
0.13,1.52,2.00
0.90,2.12,2.64
0.99,1.95,1.51
0.79,1.16,1.22
0.61,1.02,0.97
0.55,1.04,0.97
0.47,1.05,1.00
0.35,0.91,0.94
0.34,1.00,1.01
0.44,1.30,1.15
0.52,1.81,1.06
0.36,2.26,0.55
-0.06,1.57,0.38
-0.73,0.36,0.77
-1.57,-1.36,1.14
-1.75,-2.27,0.84
-1.02,-1.89,1.16
-0.55,-1.09,1.19
-0.04,-0.57,1.20
0.08,-0.56,1.17
-0.00,-0.58,1.00
0.09,-0.25,0.85
0.15,-0.20,0.82
0.11,-0.32,0.77
0.15,-0.20,0.83
0.18,-0.05,0.94
0.15,-0.04,0.97
0.15,-0.06,0.94
0.13,-0.08,0.91
0.12,-0.09,0.93
0.14,-0.06,0.92
0.18,-0.04,0.94
0.20,-0.03,0.95
0.17,-0.04,0.98
0.17,-0.02,0.98
0.15,-0.11,0.95
0.11,-0.16,0.94
0.11,-0.21,0.94
0.12,-0.15,0.89
0.14,-0.13,0.99
0.17,-0.05,1.01
0.18,-0.03,1.02
0.15,-0.07,1.00
0.13,-0.11,1.02
0.13,-0.11,1.02
0.14,-0.08,1.02
0.15,-0.05,1.03
0.20,-0.00,1.06
0.23,0.05,1.07
0.24,0.05,1.03
0.25,0.02,0.98
0.22,-0.09,0.93
0.20,-0.24,0.94
0.20,-0.24,0.90
0.23,-0.20,0.89
0.25,-0.20,0.89
0.27,-0.19,0.85
0.29,-0.17,0.84
0.27,-0.15,0.82
0.27,-0.17,0.83
0.29,-0.17,0.84
0.29,-0.14,0.87
0.25,-0.17,0.84
0.26,-0.18,0.86
0.29,-0.17,0.91
0.30,-0.09,0.84
0.31,-0.07,0.80
0.33,-0.05,0.81
0.35,-0.04,0.82
0.35,-0.04,0.81
0.38,-0.01,0.83
0.39,-0.01,0.86
0.38,-0.05,0.86
0.37,-0.06,0.85
0.37,-0.08,0.84
0.36,-0.10,0.88
0.36,-0.08,0.88
0.36,-0.11,0.90
0.35,-0.13,0.91
0.36,-0.10,0.88
0.36,-0.12,0.89
0.35,-0.11,0.89
0.34,-0.11,0.89
0.35,-0.11,0.87
0.35,-0.12,0.86
0.35,-0.11,0.86
0.35,-0.13,0.87
0.34,-0.14,0.88
0.34,-0.14,0.91
0.36,-0.13,0.89
0.36,-0.11,0.85
0.36,-0.10,0.85
0.35,-0.13,0.88
0.35,-0.15,0.89
0.34,-0.15,0.90
0.34,-0.11,0.90
0.35,-0.12,0.90
0.34,-0.13,0.90
0.33,-0.13,0.90
0.33,-0.13,0.91
0.34,-0.14,0.91
0.35,-0.14,0.89
0.36,-0.12,0.85
0.35,-0.13,0.87
0.36,-0.11,0.88
0.36,-0.10,0.88
0.35,-0.12,0.89
0.33,-0.13,0.90
0.33,-0.13,0.90
0.35,-0.12,0.89
0.34,-0.13,0.89
0.34,-0.13,0.89
0.35,-0.13,0.89
0.35,-0.09,0.90
0.34,-0.14,0.91
0.35,-0.14,0.87
0.36,-0.14,0.89
0.35,-0.12,0.86
0.34,-0.12,0.85


0.11,-0.06,0.74
0.17,0.38,0.63
0.28,0.62,0.63
0.32,0.60,0.61
0.34,0.62,0.64
0.39,0.76,0.72
0.40,0.82,0.73
0.42,0.89,0.68
0.38,0.79,0.77
0.38,0.83,0.73
0.42,1.10,0.70
0.36,1.18,0.71
0.35,1.36,0.83
0.60,2.28,1.10
0.86,3.55,0.86
0.19,3.08,0.40
-0.79,1.42,-0.18
-1.85,-0.61,-0.37
-2.00,-1.94,0.67
-1.72,-2.97,0.90
-0.85,-2.33,1.26
-0.35,-1.47,1.34
-0.00,-0.97,1.18
0.17,-0.88,1.03
0.37,-0.69,0.86
0.37,-0.57,0.74
0.21,-0.62,0.65
-0.06,-0.81,0.54
-0.69,-1.22,0.44
-1.53,-1.99,0.52
-1.68,-2.08,0.56
-1.77,-1.24,0.22
-1.69,0.13,0.03
-0.75,2.00,1.03
-0.26,2.21,1.79
0.38,2.21,2.48
0.62,2.05,1.99
0.46,1.52,1.28
0.16,0.92,0.94
0.06,0.53,1.05
0.03,0.53,1.12
0.11,0.78,1.04
0.15,1.02,0.93
0.06,0.87,0.93
0.06,1.00,0.99
0.19,1.40,0.97
0.25,1.99,0.88
0.34,2.47,1.13
-0.36,2.27,0.59
-0.96,0.30,0.12
-2.18,-1.20,0.34
-2.60,-3.05,0.98
-2.06,-2.72,1.00
-0.81,-1.11,1.69
-0.18,-0.51,1.39
0.00,-0.46,1.05
0.21,-0.34,0.80
0.22,-0.18,0.75
0.22,-0.08,0.78
0.15,-0.26,0.88
0.10,-0.28,0.87
0.07,-0.18,0.81
0.05,-0.11,0.86
0.04,-0.19,1.03
0.01,-0.27,0.99
0.04,-0.23,0.98
0.11,-0.10,0.94
0.16,-0.07,0.97
0.16,-0.14,0.99
0.17,-0.13,0.95
0.19,-0.06,0.91
0.18,-0.06,0.91
0.14,-0.08,0.92
0.12,-0.11,0.94
0.10,-0.14,0.94
0.10,-0.19,0.95
0.10,-0.18,0.94
0.15,-0.09,0.93
0.17,-0.05,0.97
0.15,-0.11,1.01
0.12,-0.16,0.98
0.11,-0.17,0.92
0.12,-0.14,0.92
0.12,-0.14,0.96
0.14,-0.14,0.95
0.13,-0.15,0.94
0.14,-0.13,0.96
0.14,-0.15,1.00
0.14,-0.13,0.96
0.16,-0.10,0.95
0.18,-0.10,0.95
0.18,-0.07,0.94
0.18,-0.06,0.90
0.20,-0.05,0.88
0.19,-0.05,0.89
0.19,-0.08,0.89
0.21,-0.07,0.92
0.20,-0.05,0.92
0.20,-0.06,0.94
0.20,-0.03,0.91
0.21,0.02,0.92
0.21,-0.00,0.94
0.19,-0.06,0.95
0.19,-0.06,0.93
0.19,-0.01,0.89
0.22,-0.00,0.91
0.21,-0.04,0.95
0.18,-0.05,0.94
0.19,-0.06,0.92
0.21,-0.03,0.92
0.21,-0.05,0.93
0.21,-0.07,0.94
0.23,-0.04,0.92
0.23,-0.03,0.91
0.24,0.01,0.92
0.24,0.01,0.93
0.23,-0.03,0.93
0.23,-0.04,0.92
0.22,-0.03,0.94
0.21,-0.05,0.95
0.20,-0.05,0.92
0.21,-0.04,0.92
0.23,-0.05,0.91
0.24,-0.07,0.92
0.23,-0.07,0.96
0.24,0.01,0.94
0.25,0.03,0.92
0.26,0.03,0.95
0.25,0.05,0.97
0.25,0.04,0.92
0.27,0.03,0.90
0.26,0.03,0.89
0.18,0.04,0.85
0.15,-0.00,0.85
0.20,-0.08,0.87
0.24,-0.12,0.97
0.29,0.01,0.99
0.29,0.00,0.96
0.28,-0.05,0.96
0.26,-0.08,0.92
0.23,-0.04,0.88
0.24,-0.08,0.90
0.24,-0.12,0.92
0.26,-0.08,0.92
0.26,-0.02,0.92
0.28,-0.01,0.92
0.29,-0.00,0.94
0.29,0.03,0.94
0.27,0.03,0.89
0.25,-0.03,0.88


0.47,-0.02,0.80
0.45,-0.12,0.85
0.48,-0.02,0.91
0.51,0.07,0.84
0.51,0.10,0.76
0.49,0.16,0.73
0.45,0.14,0.78
0.34,0.09,0.79
0.30,0.08,0.82
0.35,0.50,0.89
0.64,1.28,1.01
0.79,1.94,1.27
0.82,2.47,1.46
0.99,3.23,1.48
0.47,2.89,1.15
-0.48,1.95,0.21
-1.33,0.37,-0.34
-1.96,-1.70,-0.24
-1.48,-2.23,0.57
-1.13,-2.08,0.73
-0.51,-1.37,0.81
-0.32,-1.07,0.75
-0.23,-1.19,0.61
-0.22,-1.20,0.51
-0.37,-1.19,0.44
-0.80,-1.36,0.40
-1.39,-1.70,0.25
-1.83,-1.91,0.04
-1.86,-0.43,0.20
-1.49,0.71,0.70
-0.78,1.35,1.36
-0.53,1.30,1.60
0.10,2.36,1.79
0.61,2.30,2.13
0.64,1.92,2.01
0.51,1.76,1.54
0.32,1.82,1.41
0.11,1.67,1.52
0.03,1.56,1.42
-0.03,1.54,1.08
-0.02,1.77,0.89
-0.16,1.64,0.71
-0.37,1.16,0.57
-0.46,1.06,0.44
-0.41,1.13,0.49
-1.01,0.13,0.47
-1.65,-1.38,0.64
-1.85,-2.15,0.57
-1.36,-2.00,0.72
-1.07,-1.56,0.95
-0.79,-1.19,1.00
-0.48,-0.97,0.96
-0.17,-0.57,0.96
-0.12,-0.43,0.88
-0.12,-0.37,0.85
-0.03,-0.30,0.86
-0.02,-0.22,0.85
0.03,-0.16,0.90
0.06,-0.12,0.95
0.02,-0.18,0.95
-0.02,-0.21,0.94
-0.04,-0.19,0.93
-0.01,-0.20,0.96
0.01,-0.17,0.95
0.02,-0.16,0.95
-0.01,-0.16,0.95
-0.05,-0.21,0.94
-0.05,-0.26,0.92
-0.03,-0.24,0.92
0.01,-0.14,0.91
0.02,-0.14,0.88
-0.01,-0.23,0.92
0.01,-0.22,0.95
0.02,-0.18,0.92
0.00,-0.19,0.90
-0.01,-0.24,0.95
-0.02,-0.26,0.98
-0.04,-0.26,0.96
-0.01,-0.23,0.96
0.01,-0.19,0.97
0.02,-0.19,0.93
0.01,-0.19,0.91
0.01,-0.22,0.95
0.01,-0.19,0.96
0.02,-0.15,0.96
0.00,-0.17,0.95
-0.01,-0.23,0.97
-0.01,-0.20,0.97
-0.02,-0.23,1.00
0.02,-0.23,1.04
0.08,-0.15,1.01
0.07,-0.13,0.94
0.08,-0.20,0.88
0.07,-0.23,0.87
0.09,-0.14,0.86
0.11,-0.08,0.89
0.09,-0.16,0.93
0.07,-0.21,0.94
0.07,-0.20,0.95
0.08,-0.19,0.97
0.09,-0.15,0.94
0.12,-0.09,0.93
0.12,-0.15,0.97
0.08,-0.26,0.99
0.10,-0.23,0.97
0.13,-0.13,0.93
0.12,-0.14,0.91
0.10,-0.21,0.93
0.11,-0.23,0.93
0.12,-0.19,0.91
0.12,-0.17,0.90
0.14,-0.18,0.95
0.17,-0.19,0.97
0.18,-0.12,0.91
0.17,-0.03,0.86
0.17,-0.15,0.93
0.17,-0.16,0.97
0.16,-0.15,0.93
0.16,-0.12,0.90
0.16,-0.13,0.93
0.16,-0.14,0.95
0.17,-0.13,0.96
0.15,-0.13,0.95
0.14,-0.14,0.94
0.16,-0.15,0.96
0.17,-0.14,0.96
0.17,-0.12,0.95
0.14,-0.13,0.96
0.14,-0.18,0.93
0.13,-0.20,0.93
0.14,-0.17,0.92
0.15,-0.16,0.91
0.16,-0.16,0.92
0.15,-0.17,0.95
0.14,-0.18,0.95
0.14,-0.18,0.94
0.15,-0.18,0.94
0.17,-0.15,0.94
0.18,-0.13,0.93
0.17,-0.13,0.92
0.15,-0.15,0.92
0.14,-0.17,0.92
0.14,-0.20,0.94
0.15,-0.15,0.94
0.15,-0.16,0.95
0.15,-0.19,0.94
0.15,-0.17,0.94
0.16,-0.15,0.94
0.16,-0.15,0.93
0.16,-0.17,0.93


0.48,-0.50,1.28
0.37,-0.48,1.15
0.37,-0.33,0.85
0.31,-0.18,0.72
0.20,-0.30,0.75
0.16,-0.12,0.66
0.22,0.22,0.50
0.28,0.42,0.45
0.31,0.40,0.52
0.32,0.47,0.63
0.51,0.90,0.75
0.68,1.19,0.85
0.71,1.31,0.86
0.79,1.89,0.93
1.17,2.88,1.41
1.19,3.36,1.04
0.76,3.51,0.43
-0.61,1.88,-0.08
-1.45,-0.24,0.27
-1.73,-1.59,0.44
-1.68,-2.28,0.59
-0.94,-2.31,1.11
-0.27,-1.59,1.05
-0.24,-1.30,0.77
-0.38,-1.55,0.69
-0.39,-1.55,0.55
-0.56,-1.35,0.28
-0.89,-1.44,0.22
-1.49,-1.89,0.29
-1.72,-1.72,0.49
-1.60,-0.56,0.44
-1.51,0.88,0.32
-1.15,1.31,1.00
-0.07,2.02,2.53
0.44,2.52,1.73
0.55,2.11,1.49
0.56,1.86,1.55
0.71,2.00,1.70
0.59,2.02,1.36
0.16,1.50,0.93
0.02,1.23,0.86
0.17,1.51,1.03
0.13,1.51,0.97
0.03,1.47,0.70
0.25,1.62,0.56
-0.07,1.90,0.22
-0.72,1.00,0.43
-1.23,0.20,0.61
-1.97,-1.28,0.81
-2.20,-2.20,1.39
-1.51,-2.01,1.61
-0.93,-1.30,1.07
-0.62,-1.32,0.91
-0.34,-1.01,0.90
-0.01,-0.53,0.78
0.17,-0.12,0.74
0.16,-0.20,0.84
0.17,-0.25,0.91
0.16,-0.14,0.85
0.14,-0.03,0.84
0.08,-0.13,0.91
0.02,-0.21,0.93
0.02,-0.22,0.90
0.04,-0.12,0.87
0.09,-0.16,0.98
0.09,-0.17,1.01
0.07,-0.14,1.01
0.07,-0.13,0.95
0.12,-0.16,0.97
0.13,-0.16,0.93
0.16,-0.15,0.88
0.17,-0.11,0.89
0.17,-0.06,0.94
0.18,-0.04,0.93
0.19,-0.07,0.95
0.15,-0.14,0.97
0.15,-0.18,1.03
0.18,-0.02,0.88
0.21,0.04,0.83
0.21,-0.07,0.90
0.18,-0.16,0.94
0.17,-0.16,0.91
0.19,-0.09,0.92
0.19,-0.10,0.96
0.17,-0.20,1.00
0.15,-0.15,0.92
0.15,-0.09,0.84
0.23,-0.01,0.89
0.19,-0.08,0.90
0.19,-0.15,0.92
0.22,-0.09,0.96
0.24,0.01,0.96
0.25,0.03,0.95
0.22,-0.03,0.94
0.22,-0.04,0.93
0.20,-0.06,0.91
0.19,-0.10,0.92
0.17,-0.10,0.93
0.19,-0.04,0.92
0.20,-0.03,0.94
0.18,-0.06,0.94
0.15,-0.10,0.95
0.17,-0.08,0.94
0.17,-0.05,0.90
0.18,-0.07,0.94
0.19,-0.04,0.95
0.21,-0.00,0.96
0.21,0.05,0.94
0.21,0.04,0.94
0.19,-0.02,0.97
0.18,-0.03,0.95
0.17,-0.04,0.94
0.18,-0.01,0.92
0.19,0.01,0.93
0.19,0.01,0.93
0.19,0.01,0.94
0.18,-0.01,0.96
0.17,-0.01,0.94
0.18,-0.01,0.95
0.18,-0.00,0.95
0.19,0.01,0.95
0.18,-0.01,0.94
0.18,-0.01,0.92
0.18,0.00,0.92
0.19,-0.00,0.95
0.19,0.00,0.96
0.18,0.02,0.95
0.18,0.01,0.94
0.17,-0.03,0.91
0.14,-0.03,0.90
0.18,-0.03,0.95
0.20,0.01,0.95
0.21,0.02,0.95
0.22,0.04,0.96
0.22,0.03,0.94
0.19,-0.01,0.95
0.18,-0.02,0.94
0.19,-0.01,0.92
0.19,-0.01,0.92
0.19,-0.00,0.94
0.18,-0.01,0.94
0.18,-0.01,0.92
0.19,0.00,0.93
0.19,0.02,0.94
0.21,0.03,0.95
0.20,0.01,0.94
0.20,0.01,0.93
0.20,0.02,0.92
0.20,0.01,0.92
0.19,-0.01,0.93


0.51,-0.07,0.84
0.55,-0.11,0.82
0.57,-0.16,0.88
0.50,-0.39,0.99
0.47,-0.70,0.95
0.37,-0.83,1.00
0.05,-1.19,1.07
-0.00,-1.08,1.03
0.01,-0.69,0.79
0.23,-0.07,0.72
0.42,0.42,0.66
0.47,0.48,0.57
0.45,0.44,0.54
0.45,0.57,0.66
0.49,0.65,0.72
0.42,0.57,0.65
0.42,0.67,0.71
0.54,0.95,0.90
0.66,1.41,1.04
0.79,2.16,1.11
1.12,3.09,1.34
1.02,3.52,1.22
0.61,3.49,1.10
-0.70,1.97,0.47
-1.83,-0.22,0.03
-2.51,-2.27,0.03
-1.87,-2.88,0.49
-1.00,-2.28,0.58
-0.85,-2.03,0.41
-0.43,-1.86,0.61
-0.17,-1.44,0.60
-0.20,-1.07,0.45
-0.62,-1.40,0.46
-1.29,-1.93,0.33
-1.89,-1.80,0.26
-1.99,-1.36,0.43
-1.43,0.07,0.88
-0.72,1.45,1.05
-0.22,1.82,1.58
0.14,1.77,1.83
0.54,2.28,1.67
0.81,2.37,1.85
0.77,2.16,1.90
0.45,1.56,1.45
0.17,1.38,0.82
0.18,1.62,0.85
0.19,1.68,0.98
0.22,1.79,1.03
0.23,2.16,0.95
0.04,2.24,1.01
-0.19,2.27,0.94
-1.00,1.19,0.39
-2.58,-1.25,0.23
-2.96,-3.30,0.43
-1.58,-2.39,1.23
-0.95,-1.47,1.42
-0.69,-1.50,1.51
-0.19,-0.86,1.21
0.15,-0.16,0.95
0.24,0.04,0.81
0.16,-0.15,0.81
0.14,-0.21,0.78
0.14,-0.14,0.81
0.14,-0.09,0.92
0.09,-0.22,1.05
0.07,-0.18,0.95
0.05,-0.18,0.94
0.10,-0.13,1.01
0.19,-0.07,1.07
0.20,-0.02,1.00
0.19,-0.05,0.96
0.26,0.05,0.88
0.22,-0.02,0.84
0.17,-0.10,0.85
0.15,-0.14,0.92
0.13,-0.16,0.92
0.12,-0.15,0.90
0.15,-0.15,0.97
0.17,-0.18,1.02
0.16,-0.17,0.98
0.18,-0.08,0.92
0.20,-0.08,0.92
0.19,-0.11,0.93
0.17,-0.17,0.93
0.19,-0.14,0.94
0.20,-0.11,0.93
0.20,-0.10,0.94
0.19,-0.12,0.94
0.19,-0.13,0.97
0.19,-0.14,0.93
0.24,-0.03,0.90
0.28,0.05,0.90
0.27,0.05,0.91
0.26,-0.01,0.93
0.26,0.02,0.89
0.28,0.06,0.89
0.26,0.03,0.90
0.24,-0.02,0.90
0.24,-0.00,0.86
0.26,0.04,0.86
0.26,0.02,0.88
0.25,-0.03,0.93
0.24,-0.04,0.97
0.25,0.01,0.92
0.27,0.05,0.91
0.25,0.01,0.91
0.24,-0.03,0.94
0.23,-0.03,0.95
0.25,0.01,0.92
0.25,0.02,0.90
0.25,-0.00,0.93
0.25,0.00,0.94
0.25,0.01,0.91
0.24,-0.01,0.92
0.24,-0.01,0.93
0.25,-0.01,0.92
0.24,0.00,0.91
0.25,-0.02,0.93
0.24,-0.02,0.93
0.25,-0.02,0.92
0.24,-0.02,0.93
0.24,0.00,0.92
0.25,0.01,0.92
0.25,0.00,0.91
0.24,-0.01,0.92
0.25,-0.00,0.91
0.25,-0.01,0.93
0.25,-0.00,0.93
0.26,0.02,0.93
0.26,0.02,0.93
0.25,0.00,0.93
0.24,-0.02,0.92
0.25,-0.00,0.91
0.25,0.00,0.92
0.24,0.00,0.93
0.24,-0.01,0.93
0.25,-0.00,0.91
0.25,0.01,0.91
0.25,0.00,0.91
0.25,-0.01,0.91
0.25,-0.01,0.92
0.24,-0.02,0.92
0.26,0.01,0.91
0.26,0.01,0.91
0.25,-0.02,0.94
0.25,-0.03,0.94
0.26,-0.03,0.94
0.25,-0.01,0.94
0.26,0.00,0.94
0.26,-0.00,0.93


0.37,-0.62,1.00
0.41,-0.46,1.04
0.50,-0.19,0.94
0.42,-0.30,0.83
0.28,-0.34,0.71
0.29,-0.21,0.68
0.35,0.03,0.58
0.34,0.13,0.59
0.33,0.19,0.71
0.32,0.32,0.70
0.38,0.56,0.65
0.40,0.62,0.66
0.37,0.61,0.65
0.41,0.72,0.75
0.51,1.00,0.90
0.49,1.15,0.90
0.51,1.32,0.95
0.70,2.28,0.97
0.74,3.07,0.81
0.41,2.42,0.93
0.15,1.62,0.85
-0.13,1.07,0.45
-0.66,-0.09,0.17
-1.00,-1.60,0.51
-0.95,-2.14,0.74
-0.87,-2.25,0.66
-0.37,-1.91,0.91
-0.08,-1.47,0.67
-0.08,-1.39,0.55
-0.15,-1.46,0.57
-0.42,-1.62,0.37
-0.76,-1.61,0.18
-1.20,-1.78,0.22
-1.21,-1.21,0.61
-1.21,-0.49,0.55
-1.02,0.48,0.57
-0.39,1.58,1.44
0.12,2.08,1.82
0.31,1.82,1.68
0.50,1.83,1.69
0.59,1.98,1.60
0.53,1.91,1.33
0.41,1.62,1.24
0.36,1.58,1.11
0.26,1.54,0.80
0.23,1.56,0.85
0.22,1.65,0.97
0.22,1.98,0.93
-0.16,1.96,0.39
-0.70,1.12,0.29
-0.85,0.22,0.49
-1.22,-0.71,0.50
-1.49,-1.50,0.80
-1.27,-1.62,1.17
-0.98,-1.66,1.16
-0.75,-1.47,1.07
-0.51,-1.12,1.05
-0.19,-0.80,1.03
0.02,-0.42,0.73
0.09,-0.49,0.81
0.11,-0.46,0.86
0.18,-0.22,0.94
0.18,-0.11,0.88
0.17,-0.16,0.94
0.10,-0.23,0.91
0.08,-0.19,0.91
0.12,-0.17,0.92
0.13,-0.16,0.91
0.17,-0.08,0.91
0.17,-0.12,0.91
0.16,-0.17,0.93
0.14,-0.18,0.93
0.15,-0.13,0.92
0.20,-0.06,0.92
0.19,-0.08,0.94
0.16,-0.14,0.96
0.18,-0.14,0.98
0.15,-0.15,0.90
0.10,-0.20,0.85
0.13,-0.16,0.90
0.20,-0.05,0.98
0.20,-0.04,0.99
0.20,-0.03,0.98
0.21,-0.01,0.97
0.20,-0.03,0.91
0.18,-0.06,0.89
0.19,-0.09,0.89
0.20,-0.07,0.90
0.22,-0.03,0.91
0.22,-0.01,0.91
0.22,-0.05,0.93
0.21,-0.06,0.92
0.23,-0.01,0.91
0.24,0.00,0.90
0.23,-0.01,0.91
0.20,-0.08,0.93
0.21,-0.05,0.93
0.23,-0.03,0.94
0.20,-0.06,0.93
0.21,-0.08,0.92
0.24,-0.06,0.92
0.26,0.02,0.90
0.26,0.01,0.93
0.24,-0.04,0.93
0.24,-0.02,0.91
0.22,-0.04,0.92
0.22,-0.04,0.93
0.23,-0.04,0.93
0.23,-0.03,0.92
0.23,-0.01,0.92
0.24,-0.00,0.91
0.23,-0.04,0.93
0.21,-0.05,0.91
0.24,-0.01,0.91
0.24,0.01,0.90
0.23,-0.02,0.91
0.22,-0.04,0.92
0.23,-0.04,0.92
0.23,-0.05,0.91
0.22,-0.06,0.91
0.23,-0.04,0.92
0.23,-0.05,0.94
0.23,-0.04,0.94
0.24,-0.03,0.95
0.24,-0.02,0.94
0.23,-0.04,0.94
0.24,-0.04,0.93
0.24,-0.03,0.94
0.23,-0.03,0.94
0.23,-0.04,0.94
0.24,-0.03,0.91
0.24,-0.03,0.90
0.22,-0.04,0.91
0.23,-0.06,0.93
0.23,-0.05,0.93
0.24,-0.02,0.93
0.25,-0.00,0.93
0.24,-0.04,0.93
0.22,-0.07,0.93
0.23,-0.05,0.93
0.24,-0.03,0.92
0.23,-0.05,0.90
0.22,-0.08,0.91
0.24,-0.06,0.92
0.23,-0.04,0.92
0.23,-0.06,0.92
0.24,-0.05,0.93
0.23,-0.05,0.95
0.23,-0.04,0.94
0.24,-0.05,0.93


1.06,0.24,1.34
1.28,0.14,1.48
0.76,-0.32,1.27
0.26,-0.98,1.05
-0.19,-1.66,0.97
-0.28,-1.18,0.50
-0.33,-0.88,0.23
-0.25,-0.63,0.20
-0.23,-0.46,0.14
-0.12,-0.15,0.36
0.05,0.33,0.44
0.23,0.61,0.52
0.37,0.77,0.67
0.51,1.05,0.84
0.63,1.18,0.93
0.53,0.94,0.85
0.52,0.93,0.89
0.57,1.27,0.93
0.61,1.90,0.91
0.56,2.24,0.98
0.63,2.60,0.89
0.67,3.69,0.53
-0.14,3.21,0.07
-1.26,0.95,0.06
-1.97,-0.95,0.32
-2.19,-2.54,0.71
-1.85,-3.31,1.12
-0.92,-2.41,1.29
-0.29,-1.52,1.10
0.04,-1.19,0.88
0.34,-0.75,0.59
0.23,-0.70,0.56
-0.16,-1.11,0.61
-0.60,-1.53,0.53
-1.46,-2.06,0.23
-2.12,-2.29,0.61
-2.10,-1.54,0.85
-2.21,0.20,0.20
-1.91,1.40,0.34
-0.08,3.10,1.81
1.24,3.18,2.59
1.20,2.67,1.87
0.69,1.96,1.19
0.63,1.80,1.63
0.27,1.38,1.50
0.12,1.20,1.01
0.15,1.10,0.87
0.22,1.19,0.96
0.13,1.18,1.01
0.08,1.28,0.99
0.08,1.56,0.83
-0.03,1.74,0.70
-0.19,1.65,0.61
-0.25,1.33,0.76
-1.01,0.18,0.82
-2.07,-1.71,0.51
-1.96,-2.68,0.68
-1.49,-2.32,0.81
-0.79,-1.53,1.36
-0.40,-1.11,1.44
-0.18,-0.83,1.12
-0.05,-0.68,0.99
0.15,-0.26,0.93
0.17,-0.20,0.91
0.15,-0.18,0.89
0.19,-0.13,0.91
0.24,-0.01,0.89
0.24,0.06,0.94
0.17,0.02,0.94
0.15,-0.02,0.94
0.11,-0.08,0.89
0.11,-0.08,0.94
0.14,-0.03,0.99
0.16,-0.02,0.99
0.16,-0.05,0.94
0.16,-0.07,0.94
0.17,-0.08,0.94
0.14,-0.13,0.93
0.10,-0.15,0.89
0.13,-0.15,0.91
0.19,-0.12,0.96
0.18,-0.11,0.99
0.17,-0.07,0.97
0.18,-0.10,0.97
0.16,-0.13,0.94
0.14,-0.11,0.93
0.14,-0.13,0.93
0.16,-0.10,0.93
0.15,-0.12,0.93
0.14,-0.12,0.93
0.16,-0.11,0.94
0.17,-0.11,0.91
0.17,-0.11,0.89
0.19,-0.10,0.89
0.20,-0.10,0.90
0.19,-0.10,0.90
0.19,-0.10,0.91
0.20,-0.10,0.93
0.18,-0.10,0.93
0.17,-0.11,0.93
0.18,-0.09,0.92
0.17,-0.12,0.92
0.15,-0.17,0.96
0.15,-0.17,0.96
0.16,-0.14,0.94
0.15,-0.12,0.94
0.17,-0.14,0.94
0.18,-0.11,0.94
0.18,-0.11,0.93
0.18,-0.14,0.93
0.18,-0.13,0.94
0.19,-0.11,0.95
0.20,-0.09,0.96
0.18,-0.09,0.96
0.21,-0.06,1.03
0.23,-0.10,1.10
0.20,-0.14,1.03
0.19,-0.22,1.02
0.23,-0.22,1.04
0.26,-0.19,1.05
0.26,-0.13,1.03
0.26,-0.16,1.02
0.29,-0.13,0.96
0.33,-0.09,0.94
0.31,-0.04,0.83
0.35,-0.01,0.81
0.35,-0.09,0.83
0.33,-0.06,0.82
0.29,-0.07,0.84
0.30,-0.07,0.83
0.30,-0.05,0.78
0.30,-0.02,0.78
0.32,0.01,0.79
0.33,0.08,0.75
0.32,0.08,0.74
0.34,0.09,0.77
0.34,0.07,0.78
0.34,0.05,0.82
0.35,0.03,0.86
0.36,0.06,0.88
0.37,0.06,0.89
0.37,0.05,0.91
0.35,0.00,0.92
0.34,-0.03,0.92
0.35,-0.01,0.93
0.38,0.00,0.86
0.38,0.03,0.85
0.39,0.04,0.87
0.38,0.00,0.88
0.36,-0.01,0.87


0.60,-0.12,1.02
0.50,-0.57,1.02
0.46,-0.97,0.93
0.34,-1.10,1.26
0.15,-1.12,1.29
0.06,-0.92,1.11
0.02,-0.48,0.68
0.06,-0.06,0.55
0.17,0.33,0.62
0.28,0.55,0.55
0.37,0.71,0.51
0.42,0.80,0.66
0.41,0.72,0.73
0.34,0.51,0.77
0.33,0.55,0.74
0.44,0.75,0.85
0.49,0.89,0.97
0.39,0.87,0.93
0.41,1.12,0.92
0.59,2.07,1.19
0.64,2.52,0.98
0.66,2.76,0.60
0.11,2.71,-0.13
-0.55,1.49,-0.44
-1.23,-0.64,0.11
-1.77,-2.07,0.91
-1.56,-3.01,1.64
-0.72,-2.60,1.18
-0.42,-2.05,0.95
-0.07,-1.57,0.85
0.07,-1.18,0.62
0.18,-0.74,0.42
-0.49,-1.25,0.24
-1.27,-1.91,0.39
-1.58,-2.10,0.54
-1.77,-1.81,0.62
-1.97,-0.86,0.64
-1.57,1.07,0.62
-0.64,2.55,1.41
0.52,2.87,2.46
0.67,2.53,2.27
0.44,2.07,1.61
0.48,2.09,1.33
0.48,1.90,1.16
0.30,1.51,1.08
0.02,1.09,1.03
0.04,1.09,1.10
0.01,1.46,0.95
-0.07,1.62,0.66
-0.04,2.05,0.59
-0.44,1.86,0.25
-0.72,1.18,-0.08
-1.51,0.13,0.44
-2.46,-1.80,1.26
-2.40,-3.14,1.82
-1.43,-1.76,1.47
-0.86,-1.40,1.34
-0.56,-1.11,1.01
-0.37,-0.86,0.73
0.01,-0.45,0.50
0.27,-0.08,0.63
0.27,-0.19,0.92
0.24,-0.28,1.08
0.12,-0.33,1.05
0.11,-0.16,0.96
0.13,-0.06,0.98
0.13,-0.10,1.04
0.13,-0.13,1.01
0.16,-0.16,0.93
0.16,-0.13,0.86
0.19,-0.09,0.90
0.19,-0.12,0.99
0.15,-0.14,0.98
0.14,-0.18,0.99
0.18,-0.12,0.96
0.21,-0.08,0.92
0.20,-0.11,0.91
0.19,-0.17,0.91
0.20,-0.19,0.91
0.19,-0.19,0.92
0.19,-0.17,0.89
0.23,-0.10,0.86
0.29,-0.09,0.90
0.27,-0.14,0.93
0.25,-0.16,0.94
0.27,-0.14,0.91
0.28,-0.11,0.88
0.28,-0.13,0.89
0.27,-0.13,0.87
0.27,-0.13,0.86
0.26,-0.15,0.86
0.26,-0.15,0.88
0.27,-0.15,0.90
0.27,-0.14,0.88
0.25,-0.15,0.88
0.25,-0.15,0.90
0.27,-0.14,0.90
0.28,-0.12,0.87
0.28,-0.10,0.85
0.28,-0.13,0.88
0.28,-0.09,0.89
0.26,-0.12,0.95
0.25,-0.18,0.97
0.25,-0.19,0.95
0.27,-0.19,0.89
0.28,-0.14,0.85
0.28,-0.12,0.85
0.28,-0.12,0.87
0.28,-0.13,0.89
0.26,-0.13,0.89
0.25,-0.15,0.91
0.25,-0.18,0.92
0.25,-0.16,0.91
0.25,-0.14,0.91
0.28,-0.13,0.93
0.28,-0.14,0.91
0.26,-0.17,0.93
0.26,-0.16,0.94
0.28,-0.14,0.91
0.28,-0.14,0.89
0.25,-0.17,0.91
0.26,-0.16,0.93
0.27,-0.15,0.91
0.27,-0.14,0.92
0.26,-0.14,0.93
0.27,-0.14,0.89
0.27,-0.14,0.91
0.26,-0.15,0.93
0.26,-0.14,0.91
0.26,-0.15,0.89
0.26,-0.14,0.88
0.26,-0.16,0.90
0.26,-0.16,0.91
0.27,-0.13,0.90
0.27,-0.09,0.91
0.27,-0.12,0.92
0.27,-0.14,0.91
0.26,-0.17,0.90
0.25,-0.18,0.92
0.26,-0.16,0.93
0.27,-0.13,0.92
0.28,-0.15,0.92
0.27,-0.16,0.92
0.26,-0.16,0.92
0.27,-0.14,0.89
0.27,-0.16,0.90
0.28,-0.14,0.90
0.28,-0.13,0.89
0.28,-0.14,0.91
0.28,-0.16,0.92


0.51,0.03,0.75
0.47,-0.07,0.78
0.49,-0.14,0.81
0.47,-0.25,0.86
0.40,-0.36,0.88
0.29,-0.50,0.80
0.22,-0.50,0.62
0.28,-0.25,0.66
0.40,0.09,0.93
0.41,0.24,0.98
0.44,0.46,0.93
0.46,0.57,0.95
0.45,0.73,1.06
0.48,0.90,1.13
0.47,1.13,1.06
0.41,1.15,0.96
0.36,1.20,1.00
0.47,1.62,0.92
0.48,1.84,0.66
0.45,2.24,-0.06
0.31,2.41,-0.13
-0.52,1.45,0.11
-0.83,1.01,0.26
-1.76,-0.42,0.50
-2.02,-1.93,0.97
-1.68,-2.28,1.09
-1.12,-1.92,1.25
-0.81,-1.52,1.12
-0.88,-1.43,0.61
-0.94,-1.42,0.39
-1.09,-1.40,0.48
-1.44,-1.36,0.41
-1.78,-1.37,0.39
-1.88,-1.26,0.66
-2.08,-0.56,0.66
-2.02,0.89,0.76
-0.41,3.07,1.29
0.47,2.52,2.02
0.45,1.69,2.04
0.31,1.65,1.33
0.32,1.83,1.24
0.34,1.83,1.50
0.20,1.48,1.43
0.05,1.29,1.12
-0.09,1.19,0.88
0.00,1.62,0.86
-0.15,1.43,1.07
-0.23,1.23,1.30
-0.02,2.11,0.73
-0.80,2.55,-0.24
-1.71,0.95,0.49
-2.81,-1.58,0.60
-2.38,-2.92,1.07
-1.57,-1.72,1.07
-1.11,-1.01,1.08
-0.73,-0.96,1.02
-0.48,-0.91,0.81
-0.24,-0.69,0.80
0.04,-0.09,0.87
0.16,-0.11,0.98
0.09,-0.31,1.01
0.01,-0.40,0.99
0.05,-0.07,0.98
0.04,-0.04,0.91
-0.03,-0.30,0.97
-0.06,-0.35,0.96
-0.07,-0.34,0.90
-0.02,-0.12,0.89
0.07,-0.09,0.99
0.09,-0.17,1.03
0.08,-0.18,1.01
0.05,-0.19,0.97
0.07,-0.09,0.92
0.10,-0.07,0.95
0.07,-0.21,0.93
0.05,-0.26,0.88
0.05,-0.21,0.89
0.08,-0.10,0.95
0.08,-0.15,0.98
0.05,-0.21,0.94
0.07,-0.23,0.96
0.09,-0.23,1.00
0.13,-0.12,0.96
0.12,-0.12,0.86
0.08,-0.27,0.87
0.06,-0.24,0.87
0.11,-0.17,0.93
0.13,-0.15,0.96
0.14,-0.24,0.96
0.12,-0.22,0.96
0.11,-0.15,0.94
0.12,-0.16,0.94
0.13,-0.17,0.93
0.10,-0.23,0.97
0.10,-0.21,0.97
0.13,-0.13,0.91
0.15,-0.14,0.90
0.17,-0.14,0.90
0.18,-0.11,0.91
0.17,-0.14,0.89
0.18,-0.17,0.89
0.17,-0.15,0.91
0.16,-0.13,0.91
0.16,-0.18,0.94
0.15,-0.17,0.95
0.15,-0.14,0.94
0.15,-0.20,0.96
0.13,-0.22,0.96
0.13,-0.20,0.97
0.14,-0.20,0.96
0.17,-0.16,0.93
0.17,-0.17,0.91
0.17,-0.20,0.92
0.18,-0.16,0.91
0.21,-0.10,0.92
0.22,-0.06,0.93
0.22,-0.11,0.96
0.20,-0.12,0.95
0.18,-0.11,0.94
0.17,-0.11,0.92
0.18,-0.11,0.91
0.18,-0.11,0.91
0.20,-0.10,0.95
0.20,-0.11,0.95
0.20,-0.12,0.96
0.20,-0.11,0.93
0.19,-0.12,0.94
0.21,-0.07,0.91
0.23,-0.01,0.89
0.23,-0.03,0.90
0.23,-0.11,0.95
0.22,-0.10,0.95
0.22,-0.06,0.94
0.23,-0.06,0.92
0.24,-0.06,0.92
0.23,-0.08,0.93
0.22,-0.08,0.93
0.22,-0.07,0.91
0.22,-0.08,0.91
0.23,-0.08,0.92
0.23,-0.06,0.92
0.23,-0.06,0.92
0.23,-0.09,0.93
0.24,-0.07,0.93
0.23,-0.05,0.90
0.23,-0.06,0.89
0.23,-0.05,0.86
0.21,-0.08,0.89
0.22,-0.08,0.96
0.23,-0.06,0.96


0.38,-0.63,1.10
0.18,-0.81,1.10
0.16,-0.78,1.08
0.11,-0.66,0.86
0.19,-0.40,0.89
0.18,-0.22,0.76
0.21,-0.09,0.73
0.22,0.02,0.70
0.09,0.14,0.76
0.04,0.20,0.85
0.06,0.33,0.82
0.07,0.39,0.83
0.14,0.69,0.95
0.24,0.88,1.14
0.25,1.02,0.88
0.27,1.31,0.65
0.34,1.50,0.85
0.45,1.80,1.25
0.68,2.49,1.22
0.23,2.52,0.58
-0.51,1.28,0.07
-1.20,-0.78,0.07
-1.55,-1.65,0.40
-1.39,-1.53,0.96
-1.25,-1.59,1.18
-1.18,-1.81,1.20
-0.80,-1.54,1.09
-0.57,-1.25,0.68
-0.60,-1.35,0.51
-0.92,-1.59,0.26
-1.16,-1.46,0.07
-1.34,-1.18,-0.18
-1.32,-0.88,0.05
-1.32,-0.42,0.00
-1.26,0.11,0.56
-0.80,1.81,1.01
0.01,2.56,1.58
-0.07,1.81,1.49
-0.19,1.39,1.58
-0.19,1.67,1.46
-0.16,1.88,1.23
-0.38,1.29,0.89
-0.41,1.25,0.91
-0.40,1.27,0.92
-0.44,1.35,0.91
-0.39,1.71,1.03
-0.43,2.00,0.84
-0.61,1.98,0.61
-0.82,2.24,0.37
-1.62,0.75,0.34
-2.63,-1.18,0.11
-2.52,-2.37,0.31
-1.86,-1.55,0.36
-1.38,-1.08,0.81
-1.21,-0.94,0.79
-0.89,-0.89,0.85
-0.53,-0.47,0.79
-0.33,-0.44,0.93
-0.26,-0.37,0.89
-0.23,-0.26,0.84
-0.20,-0.16,0.89
-0.23,-0.25,0.94
-0.26,-0.26,0.91
-0.24,-0.02,0.90
-0.24,-0.06,0.93
-0.26,-0.22,1.01
-0.25,-0.23,0.99
-0.25,-0.18,1.04
-0.16,0.07,0.88
-0.16,-0.11,0.98
-0.21,-0.27,0.97
-0.29,-0.35,0.92
-0.27,-0.00,1.01
-0.10,0.23,1.02
-0.05,0.04,1.03
-0.11,-0.13,0.98
-0.12,-0.16,0.92
-0.13,-0.22,0.90
-0.06,0.00,0.90
-0.04,-0.09,0.97
-0.08,-0.13,0.92
-0.06,-0.14,0.84
-0.05,-0.06,0.86
-0.00,0.12,0.91
-0.05,-0.07,1.00
-0.05,-0.13,0.97
-0.05,-0.12,0.96
-0.03,-0.05,0.95
0.00,-0.02,0.98
-0.00,-0.05,0.96
-0.04,-0.10,0.91
-0.03,-0.10,0.91
-0.01,-0.08,0.97
-0.01,-0.04,1.00
-0.05,-0.08,0.96
-0.06,-0.16,0.96
-0.05,-0.15,0.95
-0.03,-0.10,0.94
-0.01,-0.08,0.93
0.00,-0.07,0.95
-0.01,-0.09,0.97
-0.02,-0.07,0.95
-0.01,-0.10,0.96
-0.01,-0.09,0.96
-0.02,-0.10,0.97
-0.02,-0.09,0.98
-0.02,-0.09,1.00
-0.03,-0.09,0.98
-0.01,-0.08,0.95
-0.02,-0.12,0.95
-0.01,-0.12,0.95
-0.01,-0.09,0.95
-0.01,-0.09,0.93
-0.02,-0.13,0.96
-0.01,-0.11,0.98
-0.00,-0.08,0.96
-0.01,-0.08,0.94
-0.01,-0.11,0.94
-0.01,-0.10,0.95
0.01,-0.09,0.96
0.01,-0.10,0.96
0.00,-0.10,0.96
0.01,-0.10,0.95
0.01,-0.10,0.95
-0.05,-0.09,0.96
-0.01,-0.11,0.97
-0.01,-0.10,0.96
-0.01,-0.11,0.97
0.00,-0.09,0.96
0.00,-0.08,0.95
-0.00,-0.10,0.94
0.00,-0.11,0.96
-0.00,-0.08,0.97
-0.02,-0.14,0.97
-0.01,-0.15,0.95
0.01,-0.13,0.96
0.02,-0.09,0.95
0.03,-0.06,0.94
0.03,-0.08,0.95
0.00,-0.11,0.95
-0.00,-0.11,0.95
0.01,-0.10,0.95
0.00,-0.10,0.94
0.01,-0.09,0.94
0.02,-0.09,0.95
0.02,-0.09,0.97
0.02,-0.09,0.98
0.01,-0.10,0.96
0.02,-0.09,0.95
0.00,-0.10,0.94


0.54,-0.13,0.81
0.50,-0.16,0.93
0.45,-0.29,0.98
0.50,-0.30,0.88
0.52,-0.30,0.79
0.47,-0.24,0.73
0.42,-0.16,0.75
0.44,-0.04,0.69
0.40,0.05,0.70
0.41,0.14,0.71
0.44,0.42,0.81
0.36,0.29,0.89
0.23,0.18,0.95
0.17,0.43,1.03
0.23,1.03,1.29
0.33,1.41,1.37
0.36,2.04,1.14
0.77,3.16,0.55
0.24,3.06,0.19
-0.63,1.28,-0.00
-0.92,0.56,-0.11
-1.86,-0.67,0.14
-2.01,-2.49,1.32
-1.37,-2.84,1.37
-0.87,-1.65,1.01
-0.54,-1.04,0.95
-0.20,-0.93,0.97
-0.38,-1.08,0.74
-1.17,-1.67,0.49
-1.94,-2.15,0.26
-1.95,-1.85,0.35
-2.03,-0.72,0.22
-1.77,0.37,0.40
-0.80,1.67,1.05
-0.21,1.76,1.82
-0.07,1.67,1.89
0.00,1.80,1.73
0.23,2.13,1.40
-0.03,1.48,1.59
-0.04,1.36,1.72
-0.10,1.39,1.41
-0.15,1.57,0.99
-0.34,1.17,1.09
-0.33,1.15,1.13
-0.19,1.72,0.78
-0.16,2.04,0.54
-0.28,1.80,0.56
-0.63,0.90,0.32
-0.79,-0.04,0.45
-1.24,-0.85,0.79
-1.83,-1.75,1.39
-1.76,-2.52,1.62
-1.29,-2.08,1.17
-0.58,-1.17,0.98
-0.16,-0.62,0.79
-0.07,-0.55,0.69
-0.05,-0.56,0.75
0.00,-0.32,0.78
0.13,-0.05,0.88
0.13,-0.01,1.08
0.04,-0.14,1.07
-0.00,-0.15,0.95
0.01,-0.10,0.92
0.03,-0.04,0.89
0.04,0.00,0.91
0.03,-0.07,0.92
0.01,-0.10,0.91
0.01,-0.06,0.94
0.04,-0.05,0.97
0.08,-0.03,0.98
0.10,0.00,0.95
0.10,-0.03,0.97
0.08,-0.08,0.96
0.08,-0.10,0.92
0.08,-0.10,0.93
0.08,-0.05,0.90
0.06,-0.10,0.93
0.06,-0.15,0.94
0.08,-0.13,0.96
0.10,-0.09,0.97
0.11,-0.05,0.97
0.05,-0.17,0.96
0.07,-0.17,0.97
0.11,-0.12,0.99
0.13,-0.04,0.96
0.12,-0.04,0.94
0.13,-0.08,0.94
0.14,-0.09,0.92
0.14,-0.06,0.92
0.14,-0.02,0.92
0.13,-0.05,0.94
0.13,-0.05,0.93
0.14,-0.04,0.93
0.14,-0.04,0.94
0.13,-0.06,0.95
0.12,-0.07,0.94
0.15,-0.05,0.94
0.16,-0.05,0.94
0.17,-0.06,0.96
0.16,-0.04,0.94
0.16,-0.05,0.92
0.16,-0.07,0.91
0.16,-0.08,0.92
0.16,-0.06,0.93
0.17,-0.07,0.97
0.18,-0.05,0.93
0.19,-0.04,0.93
0.19,-0.01,0.91
0.19,-0.05,0.95
0.18,-0.07,0.96
0.17,-0.07,0.93
0.18,-0.08,0.96
0.18,-0.08,0.95
0.17,-0.07,0.94
0.17,-0.07,0.94
0.18,-0.10,0.95
0.18,-0.08,0.94
0.17,-0.08,0.94
0.19,-0.07,0.92
0.20,-0.05,0.92
0.19,-0.06,0.94
0.18,-0.07,0.94
0.19,-0.09,0.95
0.19,-0.09,0.96
0.19,-0.09,0.97
0.19,-0.12,0.97
0.18,-0.13,0.95
0.19,-0.08,0.93
0.17,-0.05,0.92
0.19,-0.13,0.95
0.23,-0.08,0.94
0.27,-0.03,0.95
0.30,-0.00,0.91
0.29,-0.03,0.86
0.28,-0.12,0.89
0.30,-0.09,0.93
0.31,-0.01,0.91
0.32,0.04,0.87
0.31,0.05,0.82
0.27,0.01,0.80
0.27,-0.02,0.91
0.34,-0.04,0.93
0.32,-0.11,0.94
0.33,-0.10,0.95
0.36,0.06,0.91
0.39,0.13,0.86
0.41,0.12,0.90
0.39,0.07,0.91
0.35,0.04,0.88
0.38,0.15,0.80


0.49,-0.78,0.92
0.20,-0.83,0.85
0.03,-0.93,0.66
-0.01,-0.81,0.57
-0.03,-0.46,0.58
0.06,0.03,0.64
0.11,0.12,0.62
0.19,0.25,0.66
0.19,0.36,0.78
0.26,0.81,0.81
0.44,1.34,0.98
0.44,1.42,1.12
0.54,2.05,1.33
0.77,2.99,1.30
0.75,3.66,1.00
0.29,3.01,0.66
-0.41,1.61,0.05
-1.02,0.23,-0.30
-1.33,-1.19,-0.17
-1.65,-2.65,0.29
-1.50,-2.91,0.81
-0.66,-2.28,1.40
0.04,-1.06,1.09
-0.07,-1.08,0.64
-0.32,-1.52,0.49
-0.68,-1.65,0.02
-1.15,-1.79,-0.15
-2.02,-2.65,0.33
-2.28,-2.09,0.71
-2.33,0.47,0.34
-1.00,2.62,1.17
-0.14,2.28,2.88
0.25,2.36,3.03
0.49,2.57,1.85
0.34,2.09,1.29
0.30,1.91,1.82
0.15,1.79,1.59
-0.08,1.55,1.18
0.01,1.73,1.17
-0.06,1.93,1.07
-0.24,1.86,0.95
-0.46,1.87,0.72
-0.60,1.85,0.49
-1.25,0.47,0.11
-1.73,-0.93,0.49
-1.80,-2.07,1.31
-1.71,-2.15,1.47
-1.57,-2.22,1.08
-1.02,-1.78,0.96
-0.28,-0.68,1.04
0.03,-0.36,1.05
0.11,-0.38,0.96
0.09,-0.29,0.74
0.11,-0.20,0.75
0.19,0.07,0.90
0.18,0.14,1.00
0.09,0.03,1.01
0.03,-0.07,0.97
0.05,-0.07,0.98
0.09,0.10,0.95
0.08,-0.00,1.01
0.07,-0.08,1.00
0.06,-0.09,1.01
0.11,0.04,0.97
0.12,-0.01,0.97
0.11,-0.09,0.94
0.10,-0.06,0.91
0.14,0.02,0.86
0.17,0.02,0.93
0.14,-0.05,0.99
0.12,-0.06,0.98
0.10,-0.08,0.98
0.08,-0.07,0.97
0.17,0.04,1.03
0.22,0.02,0.96
0.23,0.06,0.90
0.24,0.04,0.87
0.21,0.02,0.84
0.19,-0.01,0.85
0.20,0.01,0.88
0.21,0.05,0.89
0.20,0.02,0.91
0.21,0.03,0.93
0.21,0.08,0.91
0.22,0.04,0.89
0.21,0.01,0.92
0.21,0.02,0.89
0.21,0.03,0.91
0.21,0.01,0.92
0.22,0.04,0.92
0.21,0.00,0.93
0.20,-0.01,0.93
0.20,-0.01,0.94
0.20,-0.03,0.94
0.19,-0.04,0.94
0.20,-0.03,0.97
0.20,-0.02,0.94
0.21,-0.02,0.93
0.21,-0.01,0.92
0.21,0.00,0.92
0.20,-0.00,0.93
0.20,-0.02,0.93
0.21,-0.00,0.91
0.21,-0.00,0.93
0.20,-0.00,0.93
0.22,-0.00,0.93
0.21,-0.01,0.91
0.19,-0.03,0.95
0.21,-0.00,0.94
0.23,0.03,0.93
0.21,0.00,0.92
0.21,0.00,0.93
0.21,-0.01,0.93
0.21,-0.01,0.93
0.21,0.00,0.93
0.23,0.02,0.92
0.23,0.00,0.91
0.20,-0.04,0.94
0.19,-0.06,0.95
0.21,-0.03,0.95
0.21,-0.00,0.93
0.21,0.00,0.92
0.20,-0.04,0.93
0.19,-0.04,0.93
0.20,-0.01,0.94
0.23,0.03,0.92
0.22,0.01,0.93
0.20,-0.02,0.94
0.21,-0.01,0.95
0.22,0.01,0.94
0.22,0.00,0.95
0.20,-0.02,0.95
0.20,-0.03,0.95
0.20,-0.03,0.93
0.20,-0.03,0.92
0.20,-0.02,0.93
0.22,0.00,0.93
0.22,0.01,0.91
0.22,-0.01,0.92
0.21,-0.02,0.92
0.22,-0.00,0.93
0.21,-0.01,0.93
0.21,-0.03,0.93
0.21,-0.04,0.94
0.23,-0.04,0.98
0.23,-0.05,1.03
0.25,-0.08,1.09
0.27,-0.08,1.11
0.24,-0.07,1.06
0.23,-0.09,0.99


0.39,-0.45,0.79
0.26,-0.56,0.70
0.09,-0.49,0.69
-0.08,-0.85,0.60
-0.14,-0.90,0.60
0.05,-0.43,0.75
0.30,0.67,0.78
0.51,0.93,0.70
0.45,0.74,0.77
0.42,0.84,0.90
0.44,1.03,0.85
0.42,1.02,0.80
0.36,1.06,0.76
0.42,1.52,0.60
0.26,1.64,0.78
0.17,1.42,0.89
0.45,1.98,0.96
0.90,3.33,0.93
0.37,3.45,0.22
-0.55,2.44,-0.23
-1.85,-0.51,-0.78
-2.10,-2.77,-0.03
-1.85,-2.92,1.11
-1.02,-2.34,1.85
-0.38,-1.61,1.52
-0.27,-1.50,1.29
-0.28,-1.56,0.88
-0.52,-1.48,0.36
-1.36,-2.09,0.37
-2.04,-2.46,0.65
-2.22,-1.98,0.46
-1.83,0.41,-0.02
-1.27,1.78,0.15
-0.34,2.82,1.59
0.66,3.01,2.49
0.70,2.90,1.65
0.29,1.94,1.18
0.29,1.89,1.43
0.16,1.82,1.12
0.06,1.87,0.82
-0.08,1.69,0.75
-0.14,1.77,0.54
0.10,2.54,0.33
-0.06,2.55,0.29
-0.60,1.94,0.02
-1.37,0.62,0.19
-2.27,-0.90,0.75
-2.94,-3.22,1.52
-2.20,-3.02,1.27
-0.97,-1.66,1.15
-0.42,-0.90,0.80
-0.22,-0.90,0.68
0.10,-0.54,0.69
0.31,-0.05,0.83
0.36,0.24,0.90
0.16,-0.15,1.05
0.09,-0.26,1.08
0.07,-0.08,0.98
0.10,0.02,0.94
0.09,-0.09,1.03
0.06,-0.21,0.98
0.10,-0.15,0.89
0.16,0.01,0.87
0.18,-0.01,0.95
0.15,-0.16,1.03
0.11,-0.17,0.94
0.11,-0.11,0.92
0.11,-0.15,0.95
0.07,-0.20,0.93
0.06,-0.23,0.91
0.10,-0.18,0.97
0.16,-0.09,0.99
0.18,-0.08,1.02
0.17,-0.11,0.99
0.15,-0.13,0.92
0.18,-0.06,0.86
0.24,0.05,0.82
0.26,-0.00,0.88
0.22,-0.09,0.92
0.22,-0.14,0.93
0.22,-0.11,0.92
0.22,-0.06,0.93
0.24,-0.02,0.93
0.25,-0.01,0.93
0.24,-0.01,0.90
0.27,-0.02,0.89
0.28,0.06,0.83
0.23,0.05,0.86
0.22,-0.03,0.92
0.22,-0.10,0.98
0.20,-0.06,0.98
0.20,-0.05,0.97
0.20,-0.09,0.95
0.20,-0.09,0.93
0.20,-0.07,0.93
0.22,-0.03,0.92
0.24,-0.03,0.91
0.24,-0.06,0.91
0.22,-0.08,0.92
0.23,-0.05,0.91
0.24,-0.05,0.92
0.23,-0.05,0.91
0.23,-0.05,0.90
0.22,-0.06,0.91
0.21,-0.09,0.93
0.21,-0.07,0.92
0.24,-0.04,0.90
0.25,-0.03,0.90
0.23,-0.05,0.93
0.23,-0.06,0.94
0.22,-0.10,0.97
0.22,-0.07,0.97
0.23,-0.06,0.94
0.22,-0.06,0.93
0.22,-0.09,0.94
0.21,-0.10,0.94
0.22,-0.07,0.93
0.24,-0.05,0.92
0.23,-0.03,0.91
0.23,-0.04,0.92
0.22,-0.05,0.91
0.23,-0.05,0.88
0.22,-0.05,0.88
0.23,-0.04,0.90
0.23,-0.04,0.91
0.22,-0.07,0.96
0.22,-0.08,0.97
0.23,-0.06,0.96
0.23,-0.05,0.94
0.23,-0.05,0.94
0.23,-0.06,0.93
0.24,-0.06,0.91
0.24,-0.03,0.92
0.22,-0.07,0.93
0.23,-0.08,0.95
0.22,-0.07,0.94
0.23,-0.07,0.94
0.24,-0.05,0.93
0.24,-0.04,0.92
0.24,-0.04,0.92
0.23,-0.07,0.91
0.23,-0.07,0.93
0.23,-0.05,0.93
0.24,-0.06,0.92
0.25,-0.06,0.92
0.23,-0.06,0.93
0.23,-0.05,0.95
0.24,-0.08,0.96
0.23,-0.07,0.96
0.24,-0.04,0.94


0.51,0.08,0.80
0.53,0.06,0.79
0.51,0.02,0.79
0.47,-0.02,0.78
0.45,-0.16,0.75
0.43,-0.20,0.78
0.40,-0.17,0.84
0.36,-0.16,0.80
0.40,-0.10,0.71
0.46,0.06,0.82
0.60,0.48,0.89
0.56,0.53,0.80
0.44,0.30,0.79
0.41,0.34,0.85
0.43,0.57,0.86
0.44,0.62,0.80
0.47,0.71,0.80
0.46,0.75,0.85
0.43,0.89,0.80
0.42,1.04,0.77
0.48,1.41,0.83
0.64,2.20,1.02
0.62,2.79,0.58
0.32,2.71,0.13
0.12,2.12,0.30
-1.22,0.68,0.53
-2.30,-2.39,1.04
-2.33,-4.00,0.72
-1.39,-3.41,0.72
-0.31,-1.57,1.11
-0.15,-1.11,0.78
-0.40,-1.44,0.38
-0.83,-1.98,0.11
-1.16,-1.79,0.27
-1.32,-1.39,0.62
-1.27,-1.07,0.70
-1.53,-0.77,0.39
-1.27,0.39,0.29
-0.57,1.77,1.29
-0.10,1.99,2.13
0.11,1.89,1.59
-0.02,1.56,1.09
0.05,1.80,1.33
0.13,2.03,1.72
0.02,1.90,1.40
-0.14,1.67,1.06
-0.20,1.53,0.94
-0.19,1.48,1.00
-0.16,1.56,1.05
-0.22,1.71,1.01
-0.23,1.96,0.90
-0.48,1.79,0.45
-1.03,0.73,0.05
-1.20,0.10,0.23
-1.42,-0.44,0.29
-1.96,-1.73,0.80
-2.16,-2.51,0.82
-1.73,-2.45,0.95
-0.92,-1.63,0.92
-0.58,-1.04,0.81
-0.42,-1.04,0.84
-0.29,-0.75,0.73
-0.06,-0.34,0.77
-0.02,-0.16,0.82
-0.03,-0.21,0.85
-0.02,-0.17,0.89
0.00,-0.06,0.89
-0.08,-0.08,0.88
-0.10,-0.14,0.89
-0.07,-0.09,0.93
-0.03,-0.04,0.98
-0.00,-0.04,0.99
-0.03,-0.06,0.98
-0.04,-0.11,1.00
-0.03,-0.07,0.97
-0.03,-0.08,0.93
-0.03,-0.14,0.96
-0.04,-0.15,0.92
-0.08,-0.18,0.89
-0.08,-0.17,0.94
-0.08,-0.17,0.99
-0.09,-0.13,0.98
-0.07,-0.16,0.99
-0.06,-0.15,0.94
-0.05,-0.14,0.96
-0.06,-0.11,0.97
-0.05,-0.11,0.96
-0.04,-0.12,0.98
-0.04,-0.12,0.97
-0.04,-0.10,0.97
-0.04,-0.12,0.97
-0.05,-0.18,0.95
-0.05,-0.16,0.93
-0.02,-0.14,0.93
-0.02,-0.10,0.93
-0.02,-0.12,0.96
-0.03,-0.15,0.96
-0.02,-0.12,0.92
-0.03,-0.15,0.93
-0.02,-0.13,0.93
-0.01,-0.13,0.96
-0.03,-0.14,0.97
-0.03,-0.16,0.97
-0.02,-0.17,0.96
-0.00,-0.15,0.95
0.01,-0.15,1.00
0.01,-0.20,1.00
-0.00,-0.23,0.88
0.08,-0.09,0.92
0.09,-0.07,0.98
0.06,-0.12,1.04
-0.01,-0.22,0.98
0.04,-0.14,0.95
0.08,-0.08,0.95
0.08,-0.08,0.94
0.06,-0.14,0.94
0.08,-0.13,0.93
0.11,-0.11,0.89
0.11,-0.10,0.85
0.10,-0.11,0.98
0.08,-0.16,0.98
0.08,-0.17,0.96
0.09,-0.16,0.89
0.08,-0.16,0.89
0.08,-0.15,0.97
0.14,-0.14,0.97
0.15,-0.13,0.95
0.17,-0.14,0.85
0.16,-0.17,0.82
0.13,-0.25,0.89
0.11,-0.24,0.97
0.14,-0.21,0.96
0.15,-0.13,0.83
0.19,-0.12,0.90
0.20,-0.07,0.90
0.22,-0.07,0.92
0.23,-0.08,0.88
0.23,-0.05,0.86
0.19,-0.06,0.93
0.18,-0.09,0.99
0.18,-0.13,1.04
0.15,-0.15,0.95
0.15,-0.15,0.87
0.17,-0.15,0.92
0.17,-0.17,0.96
0.18,-0.12,0.95
0.21,-0.03,0.90
0.23,0.00,0.90
0.25,0.04,0.99
0.16,-0.13,1.01


0.50,0.08,0.82
0.45,-0.01,0.81
0.42,-0.08,0.83
0.42,-0.07,0.85
0.46,0.05,0.87
0.49,0.14,0.81
0.51,0.16,0.79
0.53,0.26,0.79
0.53,0.33,0.78
0.52,0.31,0.77
0.50,0.32,0.78
0.48,0.38,0.84
0.43,0.41,0.85
0.41,0.47,0.85
0.41,0.67,0.88
0.59,1.33,0.98
0.74,2.14,0.99
0.74,2.47,0.63
0.52,1.98,-0.01
0.21,1.55,-0.15
-0.16,1.09,0.08
-1.02,0.09,0.48
-1.75,-1.90,1.22
-1.65,-2.59,1.23
-1.28,-2.20,0.85
-0.61,-1.14,0.85
-0.29,-0.94,1.04
-0.05,-0.96,1.06
0.06,-0.76,0.83
-0.05,-0.46,0.41
-0.69,-0.97,0.42
-1.18,-1.32,0.51
-2.24,-1.60,-0.31
-2.69,-1.56,0.21
-1.90,0.07,0.99
-1.29,1.62,0.43
-0.38,1.82,1.25
0.52,2.28,2.02
0.67,2.13,1.26
0.38,1.54,0.88
0.25,1.36,1.33
0.32,1.76,1.90
0.15,1.62,1.78
-0.08,1.35,1.15
-0.13,0.99,0.99
-0.09,0.90,1.09
-0.03,0.94,1.22
0.03,1.01,1.32
-0.05,1.01,1.15
-0.24,1.08,0.70
-0.24,1.14,0.66
-0.24,1.08,0.71
-0.12,1.34,0.86
-0.24,1.92,0.46
-0.44,2.06,0.39
-1.80,0.03,0.59
-2.80,-2.13,0.49
-2.71,-3.02,0.42
-2.11,-2.39,0.76
-1.17,-1.17,1.31
-0.61,-0.52,1.19
-0.50,-0.66,1.03
-0.22,-0.42,1.00
-0.00,-0.04,0.87
-0.01,-0.11,0.81
-0.01,-0.17,0.92
-0.09,-0.22,1.01
-0.14,-0.07,1.07
-0.15,-0.02,1.03
-0.14,-0.02,1.02
-0.16,-0.13,0.98
-0.16,-0.14,0.96
-0.10,-0.06,0.97
-0.10,-0.08,0.97
-0.07,-0.13,0.99
-0.08,-0.16,0.93
-0.08,-0.16,0.91
-0.08,-0.17,0.91
-0.06,-0.15,0.91
-0.05,-0.13,0.93
-0.06,-0.15,0.93
-0.07,-0.20,0.97
-0.04,-0.18,0.96
-0.02,-0.13,0.95
-0.03,-0.12,0.93
-0.07,-0.14,0.95
-0.04,-0.17,0.91
-0.01,-0.15,0.92
-0.01,-0.16,0.91
0.01,-0.17,0.91
0.04,-0.13,0.91
0.04,-0.13,0.90
0.03,-0.14,0.93
0.04,-0.14,0.91
0.04,-0.14,0.92
0.02,-0.14,0.92
0.02,-0.13,0.92
0.04,-0.12,0.94
0.04,-0.13,0.96
0.03,-0.11,0.96
0.03,-0.13,0.97
0.02,-0.18,0.96
0.03,-0.16,0.93
0.06,-0.10,0.92
0.07,-0.12,0.93
0.05,-0.17,0.95
0.04,-0.18,0.95
0.07,-0.11,0.94
0.08,-0.11,0.93
0.06,-0.17,0.95
0.05,-0.19,0.94
0.05,-0.15,0.89
0.05,-0.14,0.93
0.04,-0.15,0.96
0.05,-0.15,0.98
0.07,-0.14,0.95
0.06,-0.15,0.94
0.07,-0.13,0.94
0.09,-0.14,0.95
0.07,-0.14,0.94
0.04,-0.17,0.96
0.04,-0.19,0.99
0.07,-0.18,0.99
0.06,-0.16,0.97
0.08,-0.14,0.94
0.09,-0.13,0.93
0.12,-0.11,0.90
0.09,-0.13,0.88
0.08,-0.17,0.92
0.09,-0.15,0.91
0.11,-0.12,0.91
0.08,-0.17,0.97
0.07,-0.21,1.01
0.08,-0.22,1.01
0.07,-0.25,1.01
0.10,-0.23,1.07
0.14,-0.19,1.02
0.14,-0.14,0.99
0.18,-0.20,0.99
0.18,-0.23,1.04
0.16,-0.31,1.03
0.16,-0.28,1.00
0.18,-0.23,0.99
0.16,-0.23,0.94
0.16,-0.22,0.89
0.19,-0.19,0.92
0.22,-0.13,0.87
0.26,-0.03,0.83
0.27,0.02,0.78
0.28,0.03,0.78


0.38,-0.20,0.99
0.42,-0.12,0.98
0.44,-0.12,0.87
0.44,-0.13,0.95
0.39,-0.05,0.92
0.40,-0.03,0.82
0.41,0.03,0.78
0.45,0.20,0.90
0.42,0.17,0.92
0.38,0.21,0.86
0.42,0.34,0.78
0.43,0.49,0.79
0.42,0.57,0.87
0.45,0.76,0.85
0.53,1.26,0.85
0.76,2.41,0.73
0.70,2.60,0.72
0.48,2.04,0.87
0.38,2.05,0.41
-0.01,1.57,0.34
-0.69,0.71,0.69
-1.55,-1.52,1.36
-1.87,-2.39,0.79
-1.35,-2.17,0.67
-0.88,-1.66,0.85
-0.55,-1.15,0.93
-0.34,-1.18,0.98
-0.19,-1.04,0.73
-0.35,-0.77,0.51
-0.95,-1.04,0.50
-1.77,-1.67,0.54
-2.43,-2.11,0.15
-2.49,-1.65,-0.07
-2.68,0.02,0.64
-2.35,2.30,1.36
-0.54,3.78,1.16
-0.28,2.70,1.79
-0.36,2.22,1.00
-0.23,1.89,0.64
-0.24,1.91,0.73
-0.43,1.82,1.00
-0.51,1.75,0.86
-0.47,1.60,0.67
-0.47,1.41,0.79
-0.42,1.46,1.03
-0.45,1.59,0.83
-0.31,1.82,0.79
-0.46,1.50,0.73
-0.54,1.36,0.71
-0.44,1.83,0.20
-0.71,1.46,-0.05
-0.85,0.95,0.04
-0.74,0.74,0.12
-0.73,0.43,0.20
-1.37,-0.17,0.10
-2.05,-1.08,0.44
-2.22,-1.69,0.45
-1.97,-1.96,0.48
-1.49,-1.80,0.24
-1.15,-1.24,0.31
-0.65,-0.82,0.91
-0.27,-0.41,1.01
-0.23,-0.36,0.85
-0.30,-0.52,0.80
-0.29,-0.51,0.82
-0.20,-0.28,0.90
-0.19,-0.21,0.93
-0.17,-0.15,0.98
-0.22,-0.22,0.98
-0.23,-0.29,0.92
-0.19,-0.21,0.91
-0.10,-0.11,0.94
-0.09,-0.15,0.98
-0.14,-0.25,0.98
-0.20,-0.29,0.94
-0.14,-0.10,0.93
-0.08,-0.12,0.99
-0.11,-0.19,0.98
-0.12,-0.24,0.93
-0.07,-0.16,0.87
0.02,0.01,0.90
-0.02,-0.08,0.93
-0.01,-0.12,1.00
-0.02,-0.16,0.94
-0.03,-0.10,0.87
-0.03,-0.08,0.85
0.01,-0.07,0.95
-0.01,-0.10,0.98
-0.06,-0.11,0.93
-0.06,-0.15,0.91
-0.04,-0.18,0.90
-0.01,-0.14,0.92
0.01,-0.10,0.97
-0.03,-0.13,0.98
-0.03,-0.16,0.99
-0.01,-0.14,0.97
-0.02,-0.12,0.92
-0.01,-0.12,0.90
-0.00,-0.13,0.92
0.00,-0.12,0.96
0.01,-0.12,0.98
0.02,-0.14,0.94
0.02,-0.14,0.93
0.02,-0.12,0.93
0.02,-0.13,0.93
0.00,-0.15,0.95
0.00,-0.14,0.97
-0.00,-0.14,0.96
0.01,-0.12,0.96
0.04,-0.12,0.96
0.03,-0.11,0.94
0.02,-0.11,0.93
0.03,-0.11,0.95
0.04,-0.09,0.95
0.04,-0.11,0.96
0.04,-0.11,0.95
0.03,-0.08,0.93
0.02,-0.13,0.96
0.04,-0.18,0.98
0.08,-0.15,0.95
0.12,-0.05,0.89
0.06,-0.08,0.92
0.04,-0.15,1.00
0.03,-0.16,0.96
0.04,-0.13,0.97
0.04,-0.09,0.97
0.03,-0.12,0.97
0.03,-0.15,0.98
0.05,-0.14,0.97
0.08,-0.09,0.94
0.08,-0.08,0.94
0.07,-0.11,0.95
0.04,-0.13,0.94
0.03,-0.16,0.94
0.06,-0.18,0.95
0.12,-0.08,0.95
0.12,-0.04,0.92
0.08,-0.07,0.94
0.04,-0.17,0.98
0.04,-0.16,0.97
0.06,-0.13,0.97
0.09,-0.10,0.97
0.10,-0.10,0.94
0.07,-0.14,0.93
0.07,-0.16,0.94
0.09,-0.14,0.94
0.11,-0.14,0.94
0.12,-0.09,0.94
0.13,-0.08,0.96
0.12,-0.10,0.97


0.26,-0.08,0.86
0.34,-0.00,0.91
0.39,0.05,0.89
0.41,0.10,0.82
0.37,-0.04,0.91
0.33,-0.12,1.00
0.30,-0.18,1.07
0.41,-0.16,1.03
0.39,-0.19,1.00
0.31,-0.27,1.00
0.22,-0.29,0.90
0.17,-0.29,0.77
0.21,-0.05,0.71
0.24,0.10,0.69
0.27,0.30,0.62
0.29,0.46,0.59
0.32,0.54,0.69
0.30,0.69,0.83
0.32,1.13,0.95
0.56,1.84,0.84
0.62,2.16,0.81
0.60,2.15,0.92
0.64,2.49,0.72
0.16,1.91,0.33
-0.32,1.13,0.11
-1.07,-0.27,-0.09
-1.42,-1.66,0.47
-1.42,-2.14,0.96
-1.20,-2.16,0.94
-0.63,-1.53,1.10
-0.17,-0.94,1.21
0.02,-0.72,1.22
0.10,-0.71,1.13
-0.26,-0.97,0.85
-0.99,-1.45,0.52
-1.35,-1.56,0.51
-1.75,-1.81,0.48
-1.94,-1.45,0.34
-1.74,-0.38,0.41
-1.41,0.48,0.43
-0.71,1.57,1.30
0.06,2.21,2.29
0.37,2.14,2.05
0.20,1.73,1.56
0.10,1.62,1.47
0.08,1.88,1.61
-0.08,1.71,1.38
-0.11,1.45,1.30
-0.09,1.36,1.04
-0.05,1.38,0.86
-0.15,1.27,0.86
-0.27,1.08,0.82
-0.34,0.91,0.54
-0.37,0.72,0.45
-0.41,0.68,0.47
-0.33,0.56,0.74
-0.36,0.34,0.66
-0.56,0.12,0.81
-1.33,-0.92,1.10
-1.37,-1.98,1.33
-1.00,-1.66,1.11
-0.86,-1.38,1.09
-0.71,-1.34,1.34
-0.44,-1.02,1.28
-0.21,-0.63,1.02
-0.11,-0.36,0.92
0.05,-0.17,0.98
0.06,-0.10,0.97
0.03,-0.04,0.89
0.06,0.01,0.90
0.06,0.10,0.92
0.06,0.12,0.98
0.05,0.09,1.00
0.04,0.06,0.97
0.02,0.05,0.94
0.02,0.01,0.96
0.05,0.03,0.96
0.10,0.11,0.92
0.12,0.13,0.96
0.09,0.07,0.96
0.09,0.03,0.93
0.08,0.03,0.91
0.08,0.05,0.89
0.09,0.06,0.93
0.09,0.01,0.94
0.06,-0.00,0.91
0.05,-0.00,0.92
0.05,-0.01,0.93
0.08,-0.00,0.93
0.09,0.00,0.94
0.09,-0.03,0.96
0.09,-0.04,0.96
0.07,-0.03,0.93
0.11,0.04,0.94
0.13,0.02,0.97
0.13,0.01,0.95
0.10,0.01,0.93
0.08,-0.00,0.94
0.09,-0.03,0.96
0.09,-0.03,0.95
0.09,-0.00,0.96
0.11,0.02,0.97
0.11,0.02,0.96
0.11,0.00,0.95
0.13,0.03,0.95
0.13,0.03,0.93
0.13,0.01,0.91
0.13,0.02,0.93
0.12,0.03,0.98
0.10,-0.02,0.99
0.09,-0.02,0.97
0.12,0.01,0.95
0.13,0.00,0.95
0.12,-0.02,0.94
0.12,-0.02,0.95
0.15,0.02,0.96
0.15,0.04,0.93
0.15,0.03,0.92
0.15,0.02,0.93
0.15,0.05,0.95
0.13,0.02,0.93
0.12,-0.01,0.92
0.14,-0.02,0.92
0.16,0.02,0.95
0.17,0.06,0.95
0.16,0.04,0.94
0.14,-0.01,0.95
0.14,-0.03,0.94
0.16,0.03,0.93
0.16,0.05,0.94
0.17,0.03,0.94
0.21,0.05,0.92
0.13,0.07,0.92
0.11,0.02,0.96
0.17,0.02,1.01
0.18,0.03,0.93
0.18,0.07,0.99
0.14,0.02,0.96
0.14,-0.10,0.90
0.14,-0.15,0.90
0.16,-0.10,0.90
0.20,0.00,0.96
0.21,0.01,0.94
0.21,-0.00,0.97
0.19,-0.01,0.97
0.20,-0.01,0.93
0.19,-0.02,0.93
0.16,-0.04,0.96
0.16,-0.03,1.03
0.24,0.07,1.06


0.37,-0.08,0.74
0.42,0.05,0.64
0.40,-0.03,0.68
0.38,-0.05,0.68
0.39,-0.00,0.68
0.40,0.05,0.67
0.36,0.04,0.75
0.30,-0.01,0.83
0.32,0.01,0.80
0.36,0.07,0.75
0.36,0.10,0.77
0.31,0.02,0.83
0.32,0.03,0.80
0.35,0.04,0.78
0.36,0.04,0.81
0.35,0.01,0.88
0.36,0.03,0.84
0.39,0.06,0.81
0.41,0.08,0.82
0.39,0.08,0.86
0.40,0.09,0.84
0.41,0.10,0.84
0.40,0.08,0.86
0.39,0.05,0.85
0.39,0.02,0.86
0.41,0.02,0.87
0.40,0.02,0.86
0.40,0.01,0.85
0.40,0.02,0.83
0.39,0.02,0.85
0.38,0.02,0.90
0.38,0.04,0.93
0.41,0.03,0.87
0.41,0.05,0.83
0.36,-0.05,0.87
0.30,-0.19,0.86
0.27,-0.26,0.84
0.28,-0.15,0.85
0.30,0.05,0.98
0.29,0.23,1.00
0.26,0.67,0.94
0.36,1.53,0.96
1.01,3.80,0.94
1.06,4.00,0.67
0.01,2.71,0.03
-1.17,0.46,-0.28
-1.71,-1.33,0.15
-1.93,-2.53,0.67
-1.36,-2.58,1.10
-0.62,-1.23,1.10
-0.21,-0.99,1.36
0.05,-0.89,1.17
0.02,-0.76,0.79
-0.48,-1.24,0.50
-0.88,-1.80,0.46
-1.49,-2.01,0.50
-1.78,-2.44,0.66
-1.89,-1.95,0.72
-2.10,-0.42,0.20
-1.66,1.99,0.57
-0.36,2.99,2.26
0.33,3.09,2.22
0.36,2.33,1.53
0.09,1.53,0.92
0.09,1.40,1.04
-0.02,1.33,1.09
-0.13,1.23,1.05
-0.14,1.06,0.94
-0.12,1.09,0.89
-0.12,1.28,0.95
-0.11,1.55,0.97
-0.19,1.67,1.02
-0.39,1.48,0.96
-0.57,1.00,0.75
-0.76,0.63,0.64
-1.18,-0.48,0.48
-1.63,-1.83,0.49
-1.62,-2.69,0.71
-1.23,-2.38,0.56
-0.64,-1.57,0.79
-0.33,-1.00,0.83
0.00,-0.54,0.95
0.10,-0.30,0.85
0.07,-0.28,0.77
-0.02,-0.35,0.85
0.03,-0.23,0.95
0.02,-0.09,1.00
0.01,-0.09,1.02
-0.01,-0.13,1.07
-0.03,-0.14,0.98
-0.03,-0.14,0.93
0.00,-0.13,0.94
0.04,-0.13,0.96
0.05,-0.14,0.98
0.02,-0.15,0.99
0.04,-0.15,1.02
0.07,-0.13,0.99
0.04,-0.14,0.93
0.05,-0.14,0.91
0.10,-0.06,0.89
0.13,0.03,0.89
0.10,-0.02,0.89
0.07,-0.09,0.93
0.08,-0.09,0.94
0.10,-0.02,0.89
0.11,-0.03,0.89
0.12,-0.02,0.94
0.10,-0.06,0.95
0.07,-0.07,0.95
0.07,-0.09,0.96
0.07,-0.09,0.95
0.06,-0.09,0.95
0.05,-0.12,0.99
0.08,-0.09,1.00
0.10,-0.06,0.98
0.12,-0.03,0.97
0.14,-0.01,0.96
0.12,-0.04,0.94
0.11,-0.07,0.95
0.11,-0.07,0.98
0.12,-0.02,0.95
0.13,-0.00,0.92
0.14,-0.02,0.92
0.13,-0.07,0.93
0.13,-0.04,0.93
0.12,-0.04,0.94
0.11,-0.07,0.95
0.12,-0.05,0.94
0.14,-0.02,0.92
0.12,-0.03,0.91
0.14,-0.02,0.91
0.16,0.01,0.90
0.16,0.02,0.89
0.13,-0.01,0.92
0.12,-0.02,0.96
0.13,-0.04,0.96
0.12,-0.06,0.96
0.11,-0.07,0.95
0.12,-0.07,0.96
0.14,-0.07,0.97
0.16,-0.03,0.95
0.18,0.03,0.92
0.15,0.00,0.94
0.12,-0.05,0.96
0.10,-0.08,0.96
0.11,-0.07,0.95
0.12,-0.04,0.95
0.13,-0.01,0.94
0.12,-0.05,0.95
0.12,-0.06,0.94


0.32,0.02,0.79
0.38,0.10,0.76
0.39,0.22,0.68
0.46,0.34,0.73
0.48,0.31,0.86
0.41,0.23,0.82
0.45,0.29,0.72
0.47,0.39,0.74
0.44,0.45,0.83
0.40,0.51,0.89
0.46,0.68,0.85
0.60,1.09,0.77
0.59,1.23,0.82
0.62,1.34,0.84
0.53,1.19,0.68
0.33,0.86,0.55
0.20,0.50,0.51
0.00,-0.01,0.52
-0.25,-0.59,0.50
-0.50,-1.07,0.45
-0.59,-1.32,0.64
-0.72,-1.59,0.76
-0.83,-1.88,0.90
-0.66,-1.67,1.09
-0.61,-1.32,1.05
-0.86,-1.38,0.89
-1.27,-1.58,0.76
-1.61,-1.24,0.76
-1.58,-0.96,0.80
-1.36,0.04,0.80
-1.05,1.06,0.47
-0.63,1.66,1.14
-0.30,2.08,1.77
0.25,2.45,2.17
0.26,2.12,1.51
0.14,1.93,1.08
0.19,2.04,1.11
0.06,1.79,1.03
0.00,1.66,0.96
-0.07,1.55,0.83
-0.16,1.46,0.66
-0.21,1.23,0.61
-0.20,1.21,0.52
-0.32,1.21,0.44
-0.58,0.98,0.40
-0.94,-0.08,0.68
-1.38,-0.89,0.96
-1.68,-1.36,1.09
-1.56,-1.89,1.23
-1.20,-1.83,1.26
-0.70,-0.97,1.01
-0.28,-0.56,0.93
-0.10,-0.53,0.93
-0.07,-0.45,0.90
-0.05,-0.34,0.94
-0.04,-0.22,0.93
-0.01,-0.18,0.94
0.03,-0.10,0.92
0.05,-0.03,0.90
0.03,-0.03,0.92
0.02,-0.04,0.92
-0.01,-0.11,0.91
0.00,-0.11,0.92
0.06,-0.04,0.93
0.09,0.02,0.93
0.06,-0.04,0.97
0.03,-0.09,0.97
0.04,-0.10,0.95
0.05,-0.07,0.94
0.06,-0.07,0.94
0.06,-0.07,0.93
0.05,-0.14,0.94
0.06,-0.16,0.98
0.07,-0.14,1.00
0.13,-0.01,0.97
0.14,0.00,0.96
0.11,-0.05,0.93
0.08,-0.08,0.90
0.08,-0.07,0.92
0.07,-0.07,0.93
0.06,-0.08,0.93
0.06,-0.10,0.97
0.06,-0.10,0.97
0.06,-0.10,0.97
0.07,-0.10,0.95
0.08,-0.09,0.94
0.09,-0.09,0.95
0.08,-0.09,0.93
0.07,-0.11,0.94
0.08,-0.10,0.93
0.08,-0.09,0.94
0.08,-0.09,0.94
0.09,-0.09,0.95
0.09,-0.09,0.95
0.09,-0.08,0.95
0.08,-0.08,0.94
0.07,-0.10,0.96
0.08,-0.08,0.96
0.08,-0.10,0.94
0.08,-0.11,0.94
0.08,-0.08,0.94
0.09,-0.06,0.95
0.09,-0.09,0.97
0.09,-0.10,0.95
0.10,-0.07,0.94
0.09,-0.06,0.94
0.09,-0.07,0.94
0.08,-0.10,0.93
0.08,-0.10,0.94
0.09,-0.07,0.96
0.08,-0.07,0.95
0.08,-0.08,0.95
0.09,-0.09,0.96
0.09,-0.07,0.97
0.10,-0.06,0.95
0.10,-0.08,0.92
0.09,-0.10,0.94
0.08,-0.10,0.97
0.09,-0.07,0.96
0.09,-0.08,0.97
0.08,-0.10,0.95
0.08,-0.09,0.94
0.09,-0.08,0.93
0.10,-0.07,0.96
0.09,-0.08,0.98
0.09,-0.08,0.96
0.09,-0.09,0.95
0.08,-0.09,0.95
0.10,-0.07,0.94
0.10,-0.08,0.94
0.10,-0.08,0.95
0.10,-0.07,0.95
0.11,-0.07,0.94
0.10,-0.09,0.95
0.10,-0.10,0.96
0.10,-0.08,0.95
0.11,-0.07,0.95
0.11,-0.07,0.95
0.10,-0.08,0.95
0.10,-0.08,0.94
0.10,-0.08,0.96
0.11,-0.06,0.95
0.14,-0.06,0.96
0.10,-0.08,0.93
0.10,-0.09,0.95
0.10,-0.07,0.95
0.11,-0.07,0.95
0.11,-0.07,0.95
0.11,-0.07,0.96
0.11,-0.08,0.96


0.25,-0.41,0.98
0.24,-0.40,0.96
0.30,-0.25,0.95
0.34,-0.15,0.89
0.31,-0.13,0.79
0.32,-0.01,0.82
0.38,0.19,0.84
0.38,0.23,0.82
0.34,0.26,0.81
0.36,0.39,0.83
0.38,0.57,0.82
0.43,0.64,0.82
0.41,0.77,0.87
0.57,1.41,1.04
0.72,1.94,1.04
0.78,2.14,1.06
0.74,2.62,1.04
0.31,2.25,0.80
-1.07,0.20,0.09
-1.91,-2.15,0.12
-1.59,-2.67,0.29
-0.93,-2.30,0.63
-0.43,-1.59,1.00
-0.02,-1.09,1.04
0.27,-0.58,0.86
0.17,-0.71,0.75
0.00,-0.95,0.68
-0.28,-1.03,0.49
-0.74,-1.32,0.40
-1.32,-1.82,0.53
-1.74,-1.80,0.64
-1.60,-0.65,0.38
-1.24,0.26,0.11
-0.71,1.16,1.04
0.35,2.40,2.40
0.90,2.50,2.30
0.60,1.54,1.45
0.19,1.25,1.22
0.11,1.06,1.38
0.05,0.90,1.27
0.12,0.96,1.12
0.16,0.95,1.06
0.13,1.06,1.07
0.15,1.12,1.08
0.19,1.37,0.93
0.00,1.50,0.64
-0.33,1.00,0.48
-0.49,0.55,0.33
-0.40,0.14,0.33
-0.58,0.33,0.69
-1.43,-2.00,1.30
-1.29,-2.33,1.39
-1.07,-1.61,1.10
-0.56,-1.39,1.43
-0.25,-0.98,1.03
-0.04,-0.79,0.89
0.14,-0.33,0.77
0.13,-0.24,0.81
0.06,-0.28,0.89
0.07,-0.20,0.90
0.10,-0.05,0.96
0.09,0.03,0.97
0.06,-0.02,0.98
0.03,-0.09,0.97
0.06,-0.08,0.95
0.09,0.01,0.96
0.11,-0.00,1.00
0.10,-0.06,1.01
0.08,-0.09,0.98
0.09,-0.04,0.93
0.06,-0.09,0.96
0.06,-0.14,0.98
0.07,-0.14,0.95
0.06,-0.11,0.93
0.08,-0.12,1.00
0.17,-0.02,0.98
0.18,-0.02,0.93
0.14,-0.05,0.92
0.13,-0.06,0.94
0.13,-0.06,0.95
0.14,-0.04,0.91
0.11,-0.06,0.91
0.10,-0.10,0.99
0.06,-0.19,1.00
0.07,-0.19,0.98
0.11,-0.10,0.98
0.16,-0.02,0.93
0.18,-0.03,0.89
0.18,-0.08,0.91
0.18,-0.05,0.88
0.18,-0.05,0.87
0.17,-0.07,0.89
0.16,-0.10,0.92
0.17,-0.05,0.92
0.18,-0.04,0.93
0.17,-0.06,0.93
0.17,-0.08,0.94
0.17,-0.07,0.93
0.17,-0.10,0.95
0.17,-0.11,0.94
0.16,-0.10,0.94
0.18,-0.08,0.97
0.19,-0.05,0.94
0.18,-0.08,0.92
0.17,-0.11,0.92
0.18,-0.09,0.90
0.19,-0.07,0.94
0.19,-0.05,0.94
0.21,-0.03,0.92
0.19,-0.06,0.92
0.17,-0.09,0.94
0.17,-0.09,0.94
0.18,-0.10,0.92
0.19,-0.09,0.91
0.18,-0.07,0.92
0.18,-0.07,0.93
0.18,-0.10,0.95
0.17,-0.12,0.95
0.17,-0.08,0.94
0.19,-0.07,0.94
0.19,-0.08,0.93
0.19,-0.08,0.93
0.20,-0.06,0.92
0.20,-0.07,0.93
0.18,-0.11,0.95
0.18,-0.11,0.96
0.18,-0.08,0.94
0.19,-0.08,0.93
0.19,-0.09,0.94
0.18,-0.10,0.93
0.18,-0.09,0.93
0.19,-0.09,0.94
0.21,-0.07,0.94
0.21,-0.08,0.90
0.20,-0.10,0.91
0.21,-0.08,0.92
0.19,-0.08,0.91
0.19,-0.10,0.91
0.20,-0.11,0.92
0.21,-0.08,0.93
0.21,-0.08,0.95
0.21,-0.08,0.99
0.20,-0.11,0.97
0.21,-0.10,0.95
0.23,-0.06,0.93
0.23,-0.09,0.91
0.21,-0.11,0.92
0.22,-0.08,0.93
0.22,-0.07,0.92
0.21,-0.10,0.91


0.45,0.02,0.84
0.46,0.04,0.84
0.45,0.03,0.84
0.45,0.00,0.84
0.44,-0.01,0.86
0.44,-0.00,0.90
0.45,0.02,0.88
0.45,0.06,0.84
0.45,0.03,0.83
0.44,0.02,0.86
0.45,0.03,0.86
0.46,0.04,0.87
0.46,0.03,0.86
0.46,0.02,0.86
0.45,-0.00,0.87
0.46,-0.00,0.87
0.47,-0.01,0.83
0.48,-0.03,0.90
0.50,-0.08,0.92
0.52,-0.08,0.95
0.52,0.00,0.93
0.51,-0.02,0.96
0.49,-0.05,0.94
0.47,-0.01,0.89
0.49,-0.02,0.83
0.50,-0.03,0.84
0.45,-0.02,0.82
0.46,0.07,0.79
0.46,0.07,0.80
0.45,0.07,0.82
0.43,0.09,0.78
0.46,0.12,0.71
0.45,0.15,0.73
0.44,0.22,0.73
0.44,0.23,0.74
0.47,0.25,0.76
0.44,0.25,0.76
0.42,0.15,0.75
0.47,0.08,0.75
0.43,0.05,0.80
0.44,0.06,0.86
0.50,0.13,0.90
0.50,0.23,0.87
0.56,0.32,0.95
0.67,0.70,1.03
0.75,1.12,0.96
0.86,1.80,0.64
0.66,1.79,0.46
0.27,1.17,0.25
-0.24,0.34,0.28
-0.76,-0.37,0.62
-0.99,-1.21,1.06
-0.93,-1.50,0.99
-0.59,-1.16,0.87
-0.31,-1.00,0.90
-0.16,-0.94,0.83
-0.09,-0.76,0.63
-0.06,-0.69,0.54
-0.02,-0.76,0.72
-0.02,-0.74,0.74
-0.17,-0.66,0.55
-0.67,-1.03,0.34
-1.02,-1.37,0.33
-1.39,-1.74,0.31
-1.70,-1.34,0.30
-1.72,-0.64,0.55
-1.01,0.34,1.19
-0.50,1.40,1.49
0.19,2.01,1.74
0.65,1.97,1.99
0.57,1.65,1.47
0.25,1.27,0.96
0.11,1.11,1.12
-0.00,1.00,1.29
-0.04,0.95,1.24
-0.01,0.79,1.15
-0.00,0.86,1.05
-0.03,0.94,1.10
-0.01,1.16,1.10
0.01,1.40,0.91
-0.00,1.72,0.80
-0.11,1.92,0.61
-0.55,1.10,0.26
-1.02,0.30,0.06
-1.62,-1.43,0.59
-1.81,-2.48,0.86
-1.30,-2.00,1.14
-0.74,-1.33,1.43
-0.38,-0.86,1.12
-0.04,-0.47,0.94
0.04,-0.36,0.87
-0.00,-0.33,0.73
0.05,-0.15,0.89
0.09,-0.01,1.04
0.05,0.01,1.06
0.06,-0.00,1.06
0.04,0.01,1.03
-0.02,-0.03,0.95
-0.06,-0.10,0.90
-0.02,-0.09,0.90
0.02,-0.03,0.95
0.05,-0.02,1.00
0.05,-0.03,1.01
0.04,-0.08,0.98
0.03,-0.09,0.95
0.03,-0.09,0.93
0.00,-0.10,0.96
-0.01,-0.14,0.97
0.03,-0.13,0.97
0.06,-0.03,0.98
0.10,0.02,1.00
0.07,-0.09,1.02
0.08,-0.14,0.97
0.09,-0.11,0.93
0.11,-0.06,0.90
0.11,-0.07,0.92
0.12,-0.09,0.92
0.12,-0.08,0.95
0.14,-0.05,0.95
0.16,-0.03,0.91
0.20,-0.01,0.96
0.22,0.05,1.02
0.19,0.04,0.96
0.10,-0.07,0.90
0.07,-0.20,0.84
0.05,-0.28,0.78
0.05,-0.32,0.79
0.10,-0.30,0.87
0.14,-0.23,0.91
0.18,-0.14,0.94
0.20,-0.06,0.96
0.20,-0.06,0.97
0.18,-0.13,0.97
0.17,-0.16,0.97
0.18,-0.14,0.97
0.17,-0.09,0.96
0.15,-0.11,0.96
0.14,-0.12,0.99
0.15,-0.12,0.97
0.15,-0.12,0.93
0.15,-0.15,0.93
0.18,-0.11,0.93
0.19,-0.09,0.93
0.18,-0.11,0.94
0.17,-0.13,0.93
0.18,-0.12,0.92
0.19,-0.11,0.89
0.19,-0.12,0.91
0.17,-0.13,0.91
0.17,-0.12,0.91


0.44,0.09,0.85
0.44,0.09,0.87
0.44,0.09,0.85
0.43,0.07,0.85
0.44,0.06,0.84
0.44,0.07,0.84
0.43,0.09,0.84
0.45,0.09,0.84
0.46,0.10,0.84
0.45,0.12,0.83
0.44,0.09,0.85
0.44,0.07,0.86
0.44,0.08,0.83
0.43,0.06,0.82
0.44,0.08,0.84
0.44,0.10,0.85
0.44,0.08,0.83
0.45,0.09,0.83
0.45,0.09,0.83
0.45,0.10,0.83
0.45,0.09,0.84
0.44,0.07,0.84
0.44,0.08,0.83
0.44,0.08,0.84
0.44,0.08,0.86
0.44,0.08,0.84
0.45,0.08,0.83
0.45,0.08,0.84
0.44,0.08,0.85
0.43,0.08,0.83
0.44,0.04,0.82
0.44,0.05,0.81
0.45,0.08,0.84
0.43,0.07,0.85
0.45,0.06,0.88
0.43,0.04,0.86
0.44,0.05,0.87
0.41,0.01,0.86
0.30,-0.13,0.94
0.26,-0.19,1.04
0.32,0.18,0.98
0.41,0.55,0.90
0.52,1.26,0.96
0.97,2.65,0.83
1.74,4.00,0.62
0.68,3.94,0.21
-1.30,0.91,-0.05
-2.26,-1.97,0.27
-2.18,-2.73,0.52
-1.04,-1.68,1.21
-0.46,-0.95,1.28
-0.03,-0.69,1.10
0.18,-0.63,0.93
0.17,-0.57,0.70
0.02,-0.66,0.65
-0.01,-0.67,0.69
-0.05,-0.68,0.71
-0.55,-1.03,0.69
-1.34,-1.64,0.71
-2.22,-2.13,0.38
-2.54,-2.17,0.30
-2.25,-0.80,0.42
-1.32,1.46,0.56
-0.31,2.37,1.13
0.50,2.64,1.98
0.85,2.70,1.77
0.51,2.07,1.16
0.19,1.44,1.09
-0.06,0.86,0.95
-0.23,0.57,1.00
-0.25,0.42,1.03
-0.15,0.58,1.06
-0.02,1.10,1.06
0.11,1.81,0.91
0.58,2.85,0.68
0.76,3.66,0.52
-0.21,3.43,0.05
-2.10,0.15,0.74
-3.06,-2.44,0.97
-2.73,-3.30,1.11
-1.33,-1.90,1.14
-0.81,-1.11,0.94
-0.49,-0.98,0.92
-0.08,-0.52,0.92
0.23,-0.02,0.90
0.22,0.17,0.74
0.11,0.03,0.76
-0.05,-0.14,0.92
-0.09,-0.09,1.02
-0.10,0.02,1.09
-0.09,0.06,1.08
-0.08,-0.03,1.04
-0.04,-0.06,0.98
-0.00,-0.04,0.99
0.00,-0.09,1.02
0.05,-0.07,1.04
0.04,0.01,0.94
-0.00,0.00,0.87
0.01,-0.09,0.92
-0.05,-0.17,0.92
-0.04,-0.10,0.97
-0.01,-0.03,0.98
-0.03,-0.05,0.97
-0.07,-0.14,0.99
-0.09,-0.20,0.96
-0.04,-0.08,0.93
-0.04,-0.11,0.94
-0.04,-0.14,0.98
-0.01,-0.10,1.00
-0.00,-0.08,0.96
-0.00,-0.10,0.93
-0.01,-0.12,0.90
0.04,-0.10,0.91
0.07,-0.06,0.94
0.07,-0.07,0.94
0.03,-0.12,0.95
0.01,-0.11,0.96
0.01,-0.14,1.00
-0.01,-0.19,1.05
0.00,-0.20,1.08
0.05,-0.13,1.01
0.07,-0.06,0.90
0.11,-0.04,0.90
0.12,-0.09,0.97
0.13,-0.08,0.96
0.16,-0.05,0.93
0.14,-0.07,0.95
0.12,-0.10,1.01
0.13,-0.11,1.03
0.16,-0.08,1.00
0.17,-0.04,0.92
0.19,0.01,0.87
0.21,0.04,0.85
0.22,0.02,0.84
0.21,0.00,0.84
0.19,-0.00,0.87
0.19,-0.02,0.94
0.22,-0.04,0.98
0.21,-0.05,1.02
0.20,-0.07,0.99
0.18,-0.07,0.94
0.24,0.04,0.87
0.29,0.12,0.89
0.26,0.10,0.85
0.26,0.11,0.86
0.25,-0.01,0.95
0.21,-0.03,0.97
0.22,-0.04,0.98
0.23,-0.06,0.98
0.23,-0.04,0.96


0.43,0.03,0.84
0.44,0.02,0.85
0.46,0.04,0.84
0.46,0.01,0.83
0.45,-0.07,0.84
0.45,-0.24,0.86
0.41,-0.56,1.25
0.18,-0.98,1.20
0.07,-1.23,0.90
0.04,-1.00,0.78
0.14,-0.40,0.88
0.32,0.47,0.86
0.47,0.93,0.68
0.39,0.90,0.64
0.27,0.98,0.72
0.30,1.74,0.78
0.80,3.44,0.69
1.20,4.00,-0.01
0.57,4.00,-0.24
-0.69,2.88,-0.45
-2.55,-1.38,0.48
-3.31,-3.80,1.52
-2.23,-3.34,1.52
-1.56,-2.71,1.22
-1.63,-2.99,0.60
-2.10,-3.00,0.19
-1.79,-1.59,0.30
-1.24,0.10,0.46
-0.72,1.53,1.17
-0.19,2.56,1.68
0.61,3.35,1.70
0.81,3.50,1.55
0.66,3.07,1.27
0.80,3.37,1.07
0.84,3.51,0.94
0.42,3.26,0.49
-0.32,2.29,0.17
-1.54,0.72,0.29
-2.57,-1.67,1.51
-2.90,-2.42,1.20
-2.60,-2.95,1.00
-1.46,-1.84,1.21
-0.66,-0.72,1.12
-0.22,-0.27,1.11
0.26,0.24,0.82
0.21,0.06,0.75
-0.00,-0.13,0.89
-0.08,-0.06,0.95
-0.05,0.05,1.04
-0.01,0.13,1.07
0.08,0.15,1.08
0.10,0.09,1.02
0.08,0.06,0.99
0.05,0.07,0.97
0.04,0.03,1.00
0.03,0.02,1.01
-0.01,-0.04,1.00
-0.03,-0.07,0.96
-0.01,-0.07,0.94
0.01,-0.10,0.97
-0.02,-0.12,1.01
-0.02,-0.09,0.99
0.02,-0.07,0.97
0.04,-0.17,1.00
0.06,-0.12,0.95
0.04,-0.07,0.88
0.03,-0.08,0.96
0.02,-0.09,0.94
0.01,-0.14,0.98
0.06,-0.07,0.93
0.06,-0.05,0.88
0.04,-0.12,0.91
0.05,-0.19,1.00
0.06,-0.13,0.99
0.06,-0.08,0.93
0.09,-0.02,0.89
0.12,-0.07,0.95
0.11,-0.09,0.96
0.09,-0.09,0.96
0.07,-0.08,0.93
0.09,-0.10,0.94
0.12,-0.10,0.96
0.12,-0.10,1.00
0.12,-0.07,0.95
0.15,-0.05,0.90
0.15,-0.06,0.90
0.18,-0.03,0.93
0.18,-0.01,0.94
0.19,0.01,0.93
0.17,-0.04,0.95
0.14,-0.07,0.93
0.15,-0.04,0.93
0.17,-0.01,0.91
0.18,0.01,0.93
0.17,0.00,0.93
0.18,0.01,0.92
0.19,0.01,0.90
0.16,-0.04,0.93
0.16,-0.00,0.95
0.17,0.05,0.92
0.17,0.02,0.92
0.15,-0.04,0.94
0.14,-0.02,0.95
0.20,0.08,0.93
0.18,0.05,0.90
0.16,-0.01,0.92
0.22,0.01,1.00
0.22,0.01,0.98
0.19,0.02,0.95
0.17,0.03,0.95
0.17,0.05,0.92
0.16,0.04,0.93
0.13,-0.02,0.96
0.14,-0.01,0.97
0.16,0.03,0.95
0.19,0.09,0.94
0.19,0.06,0.94
0.17,0.04,0.96
0.17,0.02,0.94
0.16,0.01,0.95
0.17,0.07,0.90
0.17,0.04,0.90
0.19,0.01,0.95
0.19,-0.00,0.97
0.20,0.04,0.96
0.19,0.05,0.95
0.20,0.08,0.93
0.20,0.07,0.92
0.22,0.09,0.92
0.21,0.09,0.92
0.20,0.05,0.92
0.21,0.07,0.93
0.22,0.07,0.94
0.22,0.10,0.95
0.22,0.11,0.92
0.22,0.10,0.89
0.24,0.10,0.88
0.23,0.13,0.90
0.20,0.07,0.94
0.19,-0.01,0.99
0.23,0.06,0.96
0.24,0.10,0.88
0.24,0.09,0.90
0.25,0.08,0.92
0.25,0.10,0.91
0.25,0.12,0.89
0.25,0.11,0.89
0.24,0.08,0.92
0.23,0.06,0.94
0.24,0.08,0.93


0.41,0.06,0.90
0.38,0.02,0.94
0.41,0.03,0.88
0.44,0.08,0.83
0.45,0.08,0.86
0.43,0.05,0.85
0.45,0.07,0.81
0.46,0.10,0.79
0.46,0.13,0.77
0.46,0.13,0.79
0.45,0.10,0.81
0.42,0.09,0.83
0.43,0.10,0.82
0.45,0.12,0.80
0.43,0.10,0.83
0.44,0.10,0.84
0.44,0.12,0.81
0.46,0.11,0.82
0.44,0.09,0.87
0.43,0.05,0.90
0.44,0.07,0.86
0.45,0.09,0.81
0.44,0.08,0.81
0.44,0.07,0.83
0.43,0.08,0.84
0.43,0.06,0.84
0.43,0.05,0.84
0.44,0.07,0.84
0.43,0.08,0.85
0.45,0.09,0.84
0.44,0.08,0.85
0.42,0.05,0.84
0.41,-0.01,0.82
0.44,0.00,0.82
0.45,0.02,0.88
0.36,-0.07,0.89
0.31,-0.15,0.85
0.38,-0.03,0.91
0.42,0.01,0.96
0.42,0.03,0.85
0.35,0.06,0.79
0.29,0.09,0.86
0.19,0.54,1.05
0.75,2.49,1.12
2.10,4.00,0.07
1.46,4.00,-0.51
-1.45,3.06,-0.66
-3.87,-2.82,0.31
-4.00,-4.00,1.21
-2.23,-3.00,2.24
-0.90,-1.35,1.74
-0.30,-0.96,0.78
-1.00,-1.71,0.17
-2.07,-2.63,0.31
-2.52,-2.34,0.88
-2.61,-0.16,0.50
-1.85,1.36,0.94
0.10,3.65,2.14
1.07,3.85,1.10
0.36,2.11,0.75
0.30,1.83,1.47
0.28,1.77,1.54
0.15,2.03,1.33
0.41,2.47,0.95
0.29,2.71,0.73
0.25,3.32,0.76
-0.41,2.94,0.78
-1.29,1.11,0.30
-3.20,-2.19,0.13
-2.67,-2.07,2.26
-2.00,-1.71,2.25
-1.78,-1.72,0.44
-1.03,-1.41,0.70
-0.16,-0.37,0.92
0.15,-0.06,0.84
0.08,-0.02,0.68
0.05,-0.06,0.73
0.07,-0.08,0.86
0.10,0.05,0.94
0.04,0.01,0.94
-0.01,-0.04,0.90
-0.03,-0.07,0.95
0.02,-0.07,1.03
0.03,-0.01,1.00
0.03,-0.02,0.98
0.00,-0.10,0.97
0.03,-0.10,0.94
0.10,0.06,0.97
0.05,-0.02,1.02
0.00,-0.13,0.97
0.01,-0.07,0.93
0.04,-0.02,0.96
0.02,-0.05,1.00
0.03,-0.04,0.98
0.08,-0.03,0.95
0.07,-0.03,0.94
0.05,-0.04,0.93
0.04,-0.05,0.95
0.06,-0.02,0.95
0.06,-0.05,0.95
0.04,-0.08,0.93
0.02,-0.08,0.92
0.04,-0.06,0.99
0.05,-0.07,1.02
0.04,-0.11,0.97
0.05,-0.08,0.93
0.07,-0.08,0.96
0.09,-0.03,0.94
0.09,-0.07,0.95
0.06,-0.07,0.93
0.07,-0.04,0.92
0.10,-0.00,0.93
0.09,0.00,0.96
0.05,-0.03,0.96
0.05,-0.07,0.94
0.08,-0.04,0.93
0.09,-0.00,0.92
0.07,-0.02,0.92
0.04,-0.10,0.95
0.07,-0.09,0.96
0.07,-0.06,0.96
0.05,-0.05,0.98
0.05,-0.07,1.01
0.03,-0.10,1.00
0.03,-0.10,0.98
0.06,-0.07,0.96
0.09,-0.05,0.95
0.08,-0.04,0.94
0.09,-0.04,0.94
0.09,-0.06,0.94
0.07,-0.07,0.91
0.07,-0.09,0.93
0.08,-0.06,0.93
0.12,-0.02,0.96
0.10,-0.04,0.92
0.10,-0.05,0.91
0.09,-0.06,0.95
0.10,-0.06,0.97
0.09,-0.08,0.99
0.08,-0.08,0.99
0.09,-0.07,1.00
0.12,-0.03,0.98
0.12,-0.05,0.98
0.12,-0.05,0.97
0.10,-0.08,0.94
0.12,-0.06,0.92
0.12,-0.05,0.94
0.13,-0.04,0.96
0.13,-0.06,0.96
0.13,-0.07,0.96


0.37,0.01,0.88
0.36,0.01,0.88
0.35,-0.01,0.90
0.36,0.01,0.87
0.38,0.02,0.85
0.37,0.02,0.89
0.37,0.02,0.90
0.39,0.02,0.89
0.38,0.02,0.89
0.38,-0.01,0.91
0.44,-0.02,0.92
0.48,-0.04,1.01
0.43,-0.10,1.10
0.40,-0.06,1.02
0.44,0.05,0.92
0.44,0.14,0.77
0.42,0.08,0.75
0.38,0.04,0.81
0.34,0.01,0.85
0.35,-0.00,0.84
0.38,-0.01,0.83
0.37,0.01,0.84
0.36,0.00,0.86
0.40,0.05,0.82
0.41,0.06,0.79
0.38,0.02,0.79
0.38,0.00,0.81
0.41,-0.01,0.81
0.40,-0.06,0.84
0.41,-0.03,0.87
0.44,-0.00,0.85
0.48,-0.06,0.80
0.39,-0.23,0.90
0.31,-0.36,0.89
0.33,-0.36,0.84
0.34,-0.31,0.94
0.33,-0.19,1.13
0.29,0.10,1.06
0.33,0.68,0.94
0.72,2.03,1.03
0.93,2.84,0.90
0.99,3.37,0.73
0.56,2.99,0.41
-0.36,1.67,0.08
-1.27,0.20,0.19
-2.02,-1.92,0.77
-1.74,-2.41,1.12
-1.04,-1.85,0.96
-0.40,-0.87,0.79
-0.18,-0.63,0.85
-0.05,-0.88,1.14
0.02,-0.79,1.12
0.09,-0.49,0.80
0.11,-0.34,0.70
0.16,-0.35,0.79
0.09,-0.33,0.74
-0.54,-0.71,0.54
-1.57,-1.50,0.50
-2.62,-2.08,0.79
-2.61,-2.05,1.61
-2.62,-0.96,0.88
-1.61,2.01,0.35
0.58,3.44,2.08
1.51,3.34,1.79
0.87,2.20,0.77
0.12,1.27,0.56
-0.09,0.93,1.20
-0.05,1.06,1.43
-0.13,0.84,1.47
-0.09,0.69,1.30
-0.10,0.78,1.13
-0.06,1.26,0.89
-0.03,1.79,0.94
0.00,2.04,1.04
-0.27,1.76,0.98
-0.56,1.41,0.17
-0.64,1.27,-0.32
-1.88,-0.18,0.21
-2.57,-3.14,1.53
-2.26,-3.45,0.97
-0.96,-1.33,1.22
-0.29,-0.75,1.18
-0.11,-0.59,1.00
-0.07,-0.61,0.96
0.03,-0.31,0.89
0.03,-0.09,0.74
0.00,-0.08,0.83
-0.01,-0.05,1.01
-0.02,-0.02,1.07
-0.03,-0.01,1.13
0.02,0.03,1.07
0.02,0.04,1.00
0.02,-0.03,1.00
0.06,-0.02,1.00
0.09,-0.05,0.95
0.09,-0.05,0.92
0.11,-0.04,0.93
0.14,-0.04,1.00
0.16,-0.00,1.00
0.15,0.00,0.96
0.17,-0.01,0.92
0.15,-0.04,0.93
0.14,-0.09,0.96
0.15,-0.07,0.97
0.18,-0.01,0.94
0.21,0.05,0.88
0.22,0.04,0.89
0.22,0.02,0.91
0.21,-0.03,0.93
0.22,-0.02,0.89
0.22,0.02,0.86
0.22,0.01,0.88
0.26,0.04,0.90
0.27,0.00,0.87
0.25,-0.03,0.86
0.21,-0.07,0.90
0.19,-0.09,0.95
0.23,-0.02,0.96
0.26,0.01,0.91
0.26,0.00,0.87
0.23,-0.05,0.87
0.23,-0.08,0.89
0.26,-0.03,0.92
0.28,0.02,0.90
0.29,0.01,0.90
0.29,0.00,0.91
0.29,-0.00,0.90
0.28,-0.01,0.91
0.28,-0.01,0.92
0.27,-0.02,0.93
0.28,0.01,0.92
0.29,0.06,0.85
0.29,0.01,0.89
0.28,-0.01,0.92
0.28,-0.01,0.93
0.28,0.00,0.91
0.29,0.00,0.91
0.27,-0.03,0.91
0.26,-0.04,0.91
0.27,-0.01,0.91
0.27,-0.00,0.88
0.26,-0.02,0.87
0.26,-0.05,0.90
0.27,-0.03,0.93
0.28,-0.03,0.94
0.28,-0.03,0.94
0.27,-0.05,0.95
0.28,-0.06,0.95
0.28,-0.06,0.97
0.28,-0.12,1.06


0.52,-0.23,0.73
0.49,-0.18,0.69
0.47,-0.18,0.69
0.50,-0.09,0.71
0.54,0.09,0.64
0.58,0.21,0.61
0.62,0.16,0.68
0.53,0.07,0.76
0.53,0.09,0.73
0.58,0.22,0.71
0.58,0.39,0.69
0.57,0.59,0.69
0.56,0.86,0.66
0.64,1.36,0.68
0.88,2.37,0.84
0.95,3.20,0.76
0.88,4.00,0.15
-0.62,2.44,-0.39
-1.81,-0.58,-0.63
-1.93,-2.00,0.34
-1.48,-1.82,0.91
-1.12,-2.02,0.93
-0.79,-1.68,0.88
-0.67,-1.62,0.95
-0.54,-1.44,0.76
-0.59,-1.36,0.66
-0.87,-1.27,0.53
-1.27,-1.29,0.27
-1.44,-1.23,0.25
-1.72,-0.91,0.75
-1.90,-0.16,1.19
-1.16,2.08,1.30
-0.04,3.36,1.45
0.68,2.82,1.69
0.50,1.89,1.39
0.12,1.55,0.86
0.32,1.87,0.98
0.43,2.11,1.00
0.15,1.71,0.83
0.05,1.61,0.70
0.22,2.27,0.59
0.18,2.68,0.27
-0.11,2.68,0.04
-0.57,1.80,0.33
-0.90,0.51,0.47
-1.27,-0.89,0.66
-2.09,-3.31,1.39
-1.22,-3.09,1.98
-0.41,-1.79,1.68
-0.09,-1.11,1.17
0.23,-0.76,1.09
0.46,-0.12,0.86
0.43,0.13,0.72
0.38,0.12,0.74
0.32,0.08,0.85
0.31,0.10,0.87
0.29,0.16,0.86
0.29,0.15,0.93
0.29,0.10,0.96
0.27,0.03,0.99
0.22,-0.10,1.02
0.27,-0.08,0.98
0.34,0.03,0.85
0.33,0.04,0.84
0.31,0.01,0.89
0.28,-0.04,0.90
0.29,-0.05,0.89
0.30,-0.03,0.89
0.33,0.02,0.90
0.31,0.01,0.89
0.30,0.01,0.88
0.33,0.02,0.94
0.35,0.07,0.94
0.35,0.08,0.92
0.35,0.03,0.97
0.33,-0.03,0.98
0.36,-0.05,0.96
0.40,0.01,0.88
0.45,0.10,0.81
0.45,0.17,0.76
0.43,0.12,0.73
0.43,0.08,0.75
0.44,0.11,0.78
0.50,0.20,0.79
0.46,0.20,0.73
0.46,0.20,0.74
0.47,0.20,0.77
0.48,0.18,0.80
0.47,0.13,0.80
0.44,0.09,0.84
0.45,0.14,0.84
0.46,0.22,0.84
0.45,0.15,0.84
0.44,0.12,0.83
0.45,0.11,0.81
0.45,0.14,0.79
0.44,0.11,0.83
0.47,0.09,0.84
0.45,0.09,0.84
0.45,0.10,0.85
0.43,0.08,0.87
0.45,0.07,0.84
0.44,0.08,0.84
0.43,0.06,0.84
0.43,0.08,0.85
0.44,0.09,0.83
0.45,0.11,0.83
0.45,0.10,0.83
0.44,0.09,0.85
0.44,0.09,0.86
0.43,0.08,0.82
0.43,0.08,0.84
0.44,0.07,0.85
0.44,0.09,0.86
0.45,0.10,0.82
0.45,0.09,0.81
0.45,0.07,0.82
0.44,0.07,0.84
0.44,0.07,0.85
0.45,0.07,0.85
0.44,0.06,0.84
0.43,0.03,0.85
0.44,0.08,0.84
0.44,0.10,0.82
0.46,0.08,0.81
0.44,0.07,0.84
0.44,0.08,0.82
0.44,0.07,0.82
0.43,0.06,0.85
0.43,0.08,0.86
0.43,0.09,0.83
0.45,0.10,0.83
0.45,0.07,0.83
0.42,0.05,0.83
0.45,0.07,0.85
0.46,0.08,0.86
0.45,0.06,0.87
0.44,0.07,0.87
0.46,0.10,0.83
0.46,0.10,0.80
0.45,0.08,0.82
0.43,0.06,0.83
0.45,0.07,0.84
0.45,0.10,0.83
0.45,0.09,0.82
0.45,0.06,0.82
0.44,0.05,0.84
0.43,0.04,0.84
0.44,0.07,0.83
0.46,0.10,0.82


0.57,0.08,0.77
0.57,0.10,0.74
0.57,0.12,0.71
0.60,0.13,0.72
0.58,0.09,0.77
0.57,0.10,0.78
0.55,0.05,0.79
0.53,0.02,0.80
0.53,0.03,0.80
0.52,0.08,0.78
0.53,0.12,0.80
0.54,0.17,0.81
0.47,0.30,0.79
0.51,0.65,0.76
1.08,1.99,0.79
1.21,3.07,-0.03
0.66,2.35,-0.53
0.02,1.58,-0.29
-1.02,-0.17,0.11
-1.29,-1.84,1.41
-0.87,-1.91,1.91
-0.46,-1.09,1.24
-0.06,-0.66,1.17
0.09,-0.58,1.08
0.06,-0.79,0.99
-0.16,-0.93,0.73
-0.53,-0.97,0.57
-1.12,-1.41,0.54
-1.69,-1.98,0.52
-2.01,-1.57,0.68
-1.15,1.44,0.86
-0.06,2.29,1.05
0.55,2.01,1.61
1.02,1.91,1.57
0.95,1.83,1.21
0.70,1.42,1.15
0.42,0.96,0.96
0.08,0.46,0.92
-0.05,0.36,1.00
0.05,0.51,1.03
0.31,1.03,1.03
0.38,1.26,1.01
0.60,1.94,1.20
0.80,2.93,0.88
0.25,2.64,-0.10
-0.78,1.60,-0.67
-2.00,-0.13,-0.40
-3.07,-3.99,1.79
-1.86,-2.64,2.25
-0.67,-0.79,1.48
-0.07,-0.49,0.98
0.15,-0.34,0.65
0.21,-0.22,0.75
0.31,0.16,0.72
0.10,-0.10,0.82
0.01,-0.25,0.80
-0.02,-0.20,0.86
0.06,-0.06,0.98
0.15,0.13,1.03
0.12,0.08,1.05
0.08,-0.01,1.05
0.09,-0.08,1.01
0.13,-0.06,1.00
0.16,0.00,1.00
0.15,-0.02,0.96
0.10,-0.08,0.85
0.14,-0.07,0.86
0.13,-0.06,0.93
0.13,-0.06,1.00
0.12,-0.05,0.95
0.14,-0.03,0.90
0.16,-0.07,0.93
0.19,-0.02,0.97
0.17,-0.03,0.96
0.16,-0.04,0.91
0.14,-0.07,0.93
0.17,-0.10,0.92
0.15,-0.11,0.93
0.22,0.00,1.01
0.25,0.04,1.00
0.24,0.02,0.98
0.23,-0.04,0.94
0.21,-0.00,0.91
0.22,0.01,0.93
0.22,0.01,0.91
0.23,-0.00,0.92
0.24,0.00,0.95
0.24,-0.03,0.95
0.29,0.09,0.90
0.29,0.15,0.85
0.33,0.19,0.89
0.29,0.09,0.93
0.24,0.01,0.93
0.23,0.02,0.89
0.26,0.04,0.88
0.28,0.08,0.87
0.28,0.08,0.87
0.29,0.10,0.87
0.30,0.11,0.87
0.27,0.06,0.88
0.26,0.02,0.91
0.28,0.06,0.91
0.30,0.11,0.87
0.29,0.09,0.87
0.28,0.04,0.91
0.28,0.03,0.92
0.26,0.02,0.91
0.26,0.02,0.94
0.29,0.02,0.95
0.28,0.05,0.93
0.31,0.11,0.90
0.32,0.12,0.88
0.33,0.13,0.88
0.33,0.12,0.88
0.32,0.12,0.88
0.33,0.09,0.90
0.32,0.11,0.87
0.32,0.10,0.88
0.32,0.08,0.91
0.32,0.07,0.90
0.31,0.06,0.90
0.32,0.10,0.90
0.33,0.09,0.91
0.32,0.08,0.91
0.32,0.07,0.91
0.32,0.09,0.89
0.34,0.14,0.87
0.35,0.15,0.86
0.33,0.11,0.86
0.32,0.09,0.87
0.33,0.10,0.87
0.32,0.09,0.88
0.32,0.05,0.89
0.32,0.04,0.89
0.34,0.07,0.89
0.34,0.09,0.91
0.33,0.07,0.91
0.32,0.06,0.90
0.34,0.07,0.90
0.36,0.12,0.88
0.36,0.13,0.85
0.35,0.11,0.85
0.35,0.11,0.86
0.35,0.09,0.87
0.35,0.09,0.88
0.36,0.09,0.88
0.37,0.11,0.88
0.36,0.07,0.88
0.33,0.02,0.90
0.36,0.06,0.90


0.52,0.02,0.80
0.51,-0.02,0.81
0.51,-0.02,0.78
0.51,-0.02,0.79
0.50,-0.03,0.82
0.50,-0.09,0.83
0.49,-0.08,0.86
0.50,-0.08,0.92
0.51,-0.07,0.88
0.52,-0.08,0.85
0.51,-0.05,0.76
0.59,0.14,0.82
0.50,0.04,0.86
0.45,-0.08,0.82
0.45,-0.04,0.79
0.54,0.23,0.79
0.57,0.40,0.71
0.56,0.42,0.66
0.50,0.40,0.62
0.47,0.55,0.62
0.49,0.93,0.62
1.21,2.82,0.25
1.24,4.00,-0.55
-0.00,2.18,-0.16
-1.14,-0.17,0.52
-1.68,-1.89,1.33
-1.56,-2.45,1.54
-0.69,-1.53,1.46
-0.06,-0.89,1.07
0.10,-0.70,0.82
0.18,-0.67,0.81
0.22,-0.68,0.94
0.22,-0.50,0.93
0.12,-0.53,0.90
-0.27,-0.84,0.82
-0.84,-1.44,0.62
-1.25,-1.50,0.85
-1.31,-1.10,0.89
-1.42,-0.56,0.46
-1.33,0.02,0.20
-0.31,2.22,0.81
0.58,2.43,1.75
0.80,2.11,1.59
0.70,1.84,1.13
0.51,1.59,0.89
0.27,1.27,0.87
0.09,0.84,0.97
0.08,0.77,0.91
0.20,0.96,0.80
0.27,1.19,0.72
0.29,1.59,0.58
0.40,1.95,0.50
0.42,2.44,0.12
-0.30,1.62,0.16
-0.99,0.36,0.81
-1.57,-0.68,1.24
-1.68,-1.83,1.45
-1.02,-1.57,1.31
-0.50,-0.58,1.21
-0.52,-0.73,1.36
-0.36,-0.63,1.32
-0.11,-0.36,1.26
0.12,0.08,1.02
0.11,0.05,0.89
0.07,0.01,0.84
0.19,0.31,0.90
0.23,0.36,0.98
0.03,0.11,0.91
0.02,0.10,0.92
0.04,0.13,0.90
0.09,0.12,0.91
0.13,0.10,1.01
0.15,0.13,0.99
0.20,0.23,0.96
0.21,0.19,0.94
0.11,0.04,0.92
0.07,-0.04,0.94
0.06,-0.05,0.95
0.13,0.13,0.92
0.15,0.11,0.94
0.11,0.03,0.96
0.07,-0.01,0.91
0.10,0.06,0.91
0.16,0.14,0.92
0.22,0.13,0.96
0.26,0.13,0.97
0.23,0.13,0.93
0.21,0.13,0.90
0.20,0.09,0.88
0.19,0.05,0.89
0.17,0.02,0.93
0.17,0.03,0.95
0.18,0.04,0.99
0.20,0.09,0.95
0.22,0.12,0.89
0.22,0.10,0.88
0.20,0.09,0.90
0.18,0.07,0.93
0.19,0.03,0.93
0.22,0.08,0.92
0.23,0.13,0.91
0.23,0.09,0.91
0.22,0.06,0.94
0.22,0.04,0.96
0.23,0.04,0.95
0.23,0.05,0.93
0.23,0.08,0.90
0.23,0.06,0.93
0.23,0.04,0.88
0.25,0.07,0.89
0.27,0.11,0.90
0.26,0.08,0.93
0.23,0.01,0.95
0.23,-0.01,0.94
0.27,0.07,0.91
0.30,0.14,0.87
0.28,0.11,0.88
0.27,0.07,0.93
0.25,0.06,0.93
0.25,0.07,0.91
0.26,0.09,0.90
0.26,0.09,0.90
0.23,0.04,0.89
0.21,0.01,0.91
0.27,0.09,0.94
0.28,0.11,0.92
0.27,0.10,0.90
0.29,0.10,0.95
0.30,0.15,0.91
0.30,0.18,0.86
0.30,0.16,0.85
0.28,0.12,0.87
0.26,0.11,0.89
0.27,0.14,0.90
0.29,0.16,0.91
0.28,0.14,0.92
0.28,0.15,0.92
0.29,0.15,0.90
0.28,0.16,0.87
0.27,0.14,0.88
0.27,0.13,0.90
0.28,0.13,0.90
0.29,0.15,0.89
0.29,0.16,0.90
0.28,0.14,0.91
0.27,0.11,0.90
0.26,0.10,0.90
0.28,0.12,0.89
0.30,0.15,0.91
0.29,0.14,0.90


0.47,0.03,0.85
0.48,0.02,0.84
0.47,0.04,0.84
0.49,0.07,0.86
0.49,0.07,0.89
0.49,0.04,0.89
0.48,0.07,0.93
0.45,0.03,0.90
0.42,-0.03,0.84
0.34,-0.17,0.81
0.35,-0.09,0.89
0.38,0.03,0.81
0.41,0.04,0.74
0.39,0.03,0.74
0.40,0.08,0.80
0.36,0.17,0.83
0.33,0.37,0.87
0.38,0.91,0.88
0.67,1.72,0.86
1.01,2.87,0.72
0.78,2.51,0.45
0.15,1.68,0.19
-0.56,0.27,0.39
-1.03,-0.92,0.72
-1.48,-2.17,0.83
-1.13,-2.31,1.12
-0.32,-1.27,1.36
0.09,-0.83,1.11
0.23,-0.64,0.91
0.27,-0.63,0.98
0.31,-0.45,1.00
0.29,-0.31,0.89
0.19,-0.26,0.73
-0.18,-0.61,0.60
-0.62,-1.10,0.52
-1.08,-1.74,0.57
-1.25,-1.64,0.80
-1.22,-0.83,0.59
-1.09,0.05,0.28
-0.65,1.29,0.81
0.02,2.15,1.59
0.54,2.44,2.00
0.39,1.73,1.71
0.26,1.33,1.21
0.05,1.11,0.83
-0.06,0.92,1.04
-0.09,0.91,1.05
-0.07,0.85,1.01
-0.01,0.94,0.87
0.13,1.28,0.71
0.08,1.34,0.68
-0.05,1.35,0.69
-0.16,1.27,0.62
-0.12,1.14,0.60
-0.19,1.00,0.62
-0.40,0.73,0.85
-0.94,-0.47,1.20
-0.79,-1.05,1.12
-1.00,-1.62,0.95
-0.72,-1.69,1.28
-0.49,-1.31,1.28
-0.17,-0.83,1.11
-0.18,-0.77,1.00
-0.17,-0.48,0.94
0.17,0.06,1.04
0.31,0.37,1.05
0.22,0.24,1.03
0.13,0.16,0.97
0.09,0.15,0.87
0.09,0.16,0.83
0.07,0.12,0.85
0.08,0.11,0.95
0.06,0.11,0.94
0.07,0.09,0.91
0.08,0.06,0.94
0.10,0.07,0.98
0.09,0.09,0.97
0.11,0.11,0.93
0.14,0.10,0.90
0.12,0.05,0.89
0.11,0.08,0.94
0.10,0.07,0.98
0.10,0.10,0.96
0.13,0.10,0.91
0.12,0.06,0.93
0.10,0.04,0.95
0.10,0.02,0.96
0.10,0.02,0.92
0.11,0.03,0.93
0.11,0.03,0.95
0.10,0.01,0.95
0.14,0.05,0.96
0.14,0.09,0.99
0.13,0.08,0.98
0.13,0.06,0.93
0.11,0.02,0.92
0.11,0.02,0.94
0.12,0.03,0.95
0.13,0.04,0.94
0.13,0.05,0.95
0.13,0.07,0.93
0.14,0.07,0.93
0.12,0.03,0.94
0.09,-0.01,0.94
0.11,0.02,0.94
0.11,0.05,0.94
0.10,0.04,0.94
0.09,0.00,1.00
0.13,0.02,0.98
0.16,0.05,0.92
0.18,0.09,0.89
0.18,0.10,0.90
0.17,0.07,0.90
0.16,0.06,0.90
0.17,0.06,0.92
0.18,0.10,0.94
0.19,0.12,0.93
0.18,0.10,0.95
0.17,0.06,0.97
0.17,0.04,0.98
0.16,0.05,0.95
0.17,0.07,0.94
0.17,0.06,0.94
0.18,0.03,0.94
0.20,0.07,0.95
0.20,0.08,0.92
0.19,0.05,0.90
0.20,0.06,0.90
0.22,0.09,0.91
0.20,0.08,0.92
0.21,0.07,0.93
0.21,0.09,0.93
0.22,0.11,0.92
0.23,0.11,0.90
0.22,0.11,0.90
0.22,0.12,0.91
0.22,0.12,0.91
0.21,0.09,0.92
0.21,0.10,0.92
0.21,0.10,0.89
0.22,0.09,0.91
0.22,0.08,0.93
0.22,0.10,0.93
0.22,0.10,0.92
0.23,0.10,0.92
0.22,0.09,0.92
0.22,0.08,0.91
0.22,0.08,0.91
0.22,0.08,0.92
0.23,0.09,0.92


0.42,0.06,0.84
0.44,0.17,0.73
0.42,0.12,0.70
0.37,-0.02,0.77
0.39,-0.16,0.84
0.39,-0.26,0.87
0.36,-0.37,0.98
0.25,-0.54,1.08
0.23,-0.46,0.89
0.29,-0.29,0.65
0.35,-0.05,0.83
0.33,0.02,0.93
0.29,0.18,0.86
0.29,0.38,0.77
0.31,0.63,0.77
0.28,0.65,0.86
0.22,0.62,0.88
0.19,0.64,0.82
0.24,0.83,0.79
0.27,1.03,0.81
0.27,1.27,0.87
0.47,2.13,0.88
0.93,3.52,0.32
0.58,3.73,-0.05
-0.52,2.41,0.28
-1.33,1.12,0.27
-2.40,-1.86,0.89
-2.74,-4.00,1.55
-1.49,-3.08,1.42
-0.37,-1.03,0.92
0.00,-0.53,0.76
0.35,-0.57,1.02
0.37,-0.37,0.80
0.09,-0.46,0.52
-0.76,-1.38,0.46
-1.29,-2.07,0.86
-1.72,-1.87,1.08
-1.30,-0.44,0.74
-0.96,0.17,0.19
-0.98,0.80,0.74
-0.21,2.38,1.65
1.04,3.37,2.20
0.86,2.36,1.46
0.15,1.25,0.60
-0.18,0.65,0.77
-0.16,0.64,1.03
0.03,0.89,1.08
0.00,0.79,0.91
-0.01,0.98,0.96
0.12,1.59,1.04
0.27,2.01,0.89
0.08,2.14,0.58
-0.45,1.58,0.71
-0.45,0.76,0.58
-0.58,-0.13,0.38
-1.24,-1.59,0.86
-1.25,-2.62,1.71
-0.72,-2.08,1.59
-0.20,-1.11,1.37
-0.15,-0.88,1.09
-0.06,-0.60,1.09
0.10,-0.29,1.02
0.21,0.02,0.80
0.21,0.14,0.78
0.11,0.06,0.97
0.06,0.01,1.00
0.08,0.02,0.86
0.11,0.14,0.78
0.14,0.19,0.85
0.11,0.12,0.91
0.10,0.04,0.89
0.15,0.06,0.91
0.20,0.15,0.94
0.25,0.22,0.95
0.18,0.12,0.89
0.13,0.02,0.89
0.14,0.08,0.96
0.13,0.11,1.00
0.15,0.15,1.01
0.15,0.11,0.94
0.18,0.09,0.92
0.18,0.07,0.94
0.18,0.09,0.96
0.17,0.07,0.99
0.16,0.05,1.02
0.20,0.07,0.97
0.20,0.07,0.92
0.19,0.09,0.95
0.23,0.13,0.95
0.20,0.03,0.84
0.15,-0.05,0.83
0.18,-0.01,0.94
0.21,0.01,0.97
0.16,-0.05,0.89
0.17,-0.02,0.93
0.19,0.03,0.96
0.23,0.09,0.94
0.22,0.09,0.90
0.21,0.06,0.91
0.18,0.02,0.93
0.20,0.05,0.93
0.25,0.12,0.97
0.22,0.11,0.94
0.20,0.06,0.91
0.17,-0.01,0.89
0.18,0.01,0.93
0.20,0.07,0.96
0.24,0.11,0.93
0.24,0.13,0.92
0.23,0.12,0.90
0.21,0.09,0.92
0.20,0.05,0.94
0.19,0.05,0.95
0.21,0.08,0.95
0.22,0.10,0.94
0.22,0.10,0.92
0.22,0.08,0.92
0.18,0.02,0.92
0.23,0.11,0.95
0.25,0.16,0.91
0.21,0.10,0.91
0.20,0.07,0.92
0.19,0.04,0.94
0.19,0.05,0.93
0.21,0.08,0.92
0.22,0.08,0.93
0.22,0.07,0.92
0.22,0.06,0.95
0.23,0.06,0.95
0.22,0.08,0.94
0.23,0.10,0.92
0.24,0.10,0.92
0.23,0.09,0.93
0.22,0.07,0.92
0.22,0.07,0.90
0.24,0.09,0.94
0.23,0.09,0.94
0.24,0.12,0.92
0.25,0.10,0.89
0.24,0.08,0.89
0.23,0.08,0.91
0.23,0.09,0.92
0.24,0.10,0.91
0.25,0.11,0.90
0.24,0.08,0.89
0.22,0.05,0.95
0.22,0.04,0.96
0.24,0.06,0.93
0.25,0.08,0.91
0.26,0.11,0.91


0.38,0.08,0.88
0.38,0.03,0.93
0.37,-0.13,1.10
0.32,-0.38,1.32
0.29,-0.54,1.29
0.36,-0.41,1.05
0.50,-0.09,0.87
0.54,0.05,0.81
0.49,-0.02,0.68
0.41,-0.05,0.63
0.44,-0.00,0.74
0.40,0.02,0.89
0.29,-0.07,0.84
0.28,-0.07,0.84
0.27,0.06,0.92
0.26,0.16,0.88
0.26,0.29,0.82
0.27,0.43,0.79
0.23,0.54,0.79
0.20,0.77,0.82
0.25,1.51,0.80
0.51,2.52,0.83
0.80,3.73,0.47
0.39,3.46,0.42
-0.28,1.30,0.35
-1.68,-1.18,0.48
-1.76,-3.22,1.08
-0.92,-2.25,0.77
-0.18,-1.13,1.16
0.13,-0.63,0.97
0.22,-0.58,0.79
0.18,-0.76,0.88
0.15,-0.73,0.91
0.11,-0.60,0.66
-0.13,-0.65,0.63
-0.53,-1.16,0.59
-1.23,-2.11,0.61
-1.91,-2.29,0.83
-1.76,-0.78,0.57
-0.84,1.29,0.58
-0.11,2.18,1.25
0.61,2.50,2.00
0.80,2.29,1.38
0.49,1.69,0.74
0.34,1.36,0.73
0.07,0.96,0.86
-0.04,0.83,0.98
0.03,0.92,1.03
0.07,0.96,0.89
0.13,1.06,0.82
0.16,1.25,0.80
0.20,1.69,0.80
0.22,2.04,0.56
0.19,2.22,0.42
-0.15,1.92,0.26
-0.70,0.75,0.54
-1.11,-0.65,1.16
-1.34,-1.51,1.17
-1.24,-2.23,1.27
-0.85,-1.69,1.37
-0.63,-1.36,1.47
-0.19,-0.73,1.27
0.13,-0.26,1.03
0.29,-0.08,0.99
0.25,0.01,0.90
0.12,-0.04,0.86
0.10,-0.05,0.92
0.15,0.20,0.92
0.20,0.27,0.91
0.16,0.17,0.90
0.09,0.07,0.98
0.07,0.07,1.02
0.07,0.07,1.00
0.10,0.10,0.96
0.17,0.15,0.96
0.18,0.17,0.95
0.13,0.09,0.95
0.11,-0.00,0.92
0.13,0.02,0.91
0.17,0.11,0.87
0.17,0.12,0.90
0.12,0.01,0.94
0.11,0.01,0.97
0.14,0.06,0.98
0.17,0.11,0.95
0.15,0.08,0.96
0.12,-0.00,0.96
0.12,0.01,0.93
0.14,0.05,0.92
0.14,0.03,0.92
0.15,0.02,0.93
0.14,0.02,0.94
0.13,0.03,0.96
0.11,0.01,0.96
0.10,-0.04,0.94
0.13,-0.00,0.95
0.16,0.04,0.97
0.16,0.05,0.97
0.14,0.04,0.96
0.14,0.03,0.94
0.14,0.01,0.94
0.13,-0.00,0.95
0.12,0.01,0.94
0.13,0.02,0.94
0.16,0.05,0.92
0.18,0.02,0.93
0.18,0.03,0.95
0.16,0.03,0.94
0.16,0.04,0.93
0.15,0.02,0.93
0.13,0.01,0.92
0.14,0.01,0.93
0.15,0.03,0.93
0.15,0.04,0.94
0.15,0.03,0.93
0.15,0.03,0.94
0.15,0.02,0.96
0.15,0.01,0.95
0.16,0.03,0.92
0.17,0.03,0.92
0.16,0.03,0.94
0.15,0.01,0.95
0.14,-0.00,0.94
0.15,0.01,0.93
0.15,0.02,0.93
0.16,0.02,0.93
0.16,0.02,0.95
0.16,0.03,0.95
0.17,0.04,0.94
0.16,0.03,0.93
0.14,-0.01,0.94
0.15,0.01,0.95
0.16,0.03,0.95
0.16,0.03,0.96
0.16,0.03,0.96
0.15,0.01,0.95
0.16,0.00,0.93
0.16,0.01,0.95
0.15,0.02,0.95
0.15,-0.00,0.97
0.15,-0.00,0.96
0.16,0.01,0.95
0.16,-0.01,0.96
0.16,0.01,0.95
0.16,0.00,0.95
0.15,-0.00,0.95
0.16,0.01,0.94
0.17,0.01,0.95
0.18,-0.00,0.93
0.20,0.02,0.94
